smiles,solvent,log_lifetime
N#Cc1c(-n2c3ccccc3c3ccccc32)c(-n2c3ccccc3c3ccccc32)c(-n2c3ccccc3c3ccccc32)c(-n2c3ccccc3c3ccccc32)c1-n1c2ccccc2c2ccccc21,Cc1ccccc1,0.6747176699496524
Cc1ccc2c(c1)c1cc(C)ccc1n2-c1c(-n2c3ccccc3c3ccccc32)c(C#N)c(-n2c3ccccc3c3ccccc32)c(-n2c3ccc(C)cc3c3cc(C)ccc32)c1-n1c2ccccc2c2ccccc21,Cc1ccccc1,0.6521061390520498
N#Cc1c(-n2c3ccccc3c3ccccc32)c(-n2c3ccccc3c3ccccc32)c(-n2c3ccccc3c3ccccc32)c(-n2c3ccccc3c3ccccc32)c1-n1c2ccccc2c2ccccc21,c1cc(-c2cccc(-n3c4ccccc4c4ccccc43)c2)cc(-n2c3ccccc3c3ccccc32)c1,0.9833568657994747
CCCCCCCCn1c(=O)c2cc3cc4cc5c(=O)n(CCCCCCCC)c(=O)c5cc4cc3cc2c1=O,ClC(Cl)Cl,0.5348740441529052
N#Cc1c(-c2ccc(N(c3ccccc3)c3ccccc3)cc2)c(C#N)c(-c2ccc(N(c3ccccc3)c3ccccc3)cc2)c(C#N)c1-c1ccc(N(c2ccccc2)c2ccccc2)cc1,O=P(c1ccccc1)(c1ccccc1)c1ccccc1Oc1ccccc1P(=O)(c1ccccc1)c1ccccc1,0.6303659836641865
CC1(C)c2ccccc2N(c2ccc3c(c2)Oc2ccccc2S3(=O)=O)c2ccccc21,O=P(c1ccccc1)(c1ccccc1)c1ccccc1Oc1ccccc1P(=O)(c1ccccc1)c1ccccc1,0.8763304152883693
CCCCCCCCOc1ccc(C2=C3C(C)=C(C#Cc4ccc(B(c5c(C)cc(C)cc5C)c5c(C)cc(C)cc5C)cc4)C(C)=[N+]3[B-](F)(F)n3c(C)c(C#Cc4ccc(B(c5c(C)cc(C)cc5C)c5c(C)cc(C)cc5C)cc4)c(C)c32)cc1,ClCCl,0.7386348836945311
CCCCCCCCOc1ccc(C2=C3C(C)=C(C#Cc4ccc(B(c5c(C)cc(C)cc5C)c5c(C)cc(C)cc5C)cc4)C(C)=[N+]3[B-](F)(F)n3c(C)c(C#Cc4ccc(B(c5c(C)cc(C)cc5C)c5c(C)cc(C)cc5C)cc4)c(C)c32)cc1,CC#N,0.7236764603716637
CCCCCCCCOc1ccc(C2=C3C(C)=C(C#Cc4ccc(B(c5c(C)cc(C)cc5C)c5c(C)cc(C)cc5C)cc4)C(C)=[N+]3[B-](F)(F)n3c(C)c(C#Cc4ccc(B(c5c(C)cc(C)cc5C)c5c(C)cc(C)cc5C)cc4)c(C)c32)cc1,CCCCCC,0.7633218846895151
CC1=CC(C)=[N+]2C1=Cc1c3ccccc3c(C#Cc3cccs3)n1[B-]2(F)F,CCCCCCCCO,0.5613972566890225
CC1=CC(C)=[N+]2C1=Cc1c3ccccc3c(C#Cc3cccs3)n1[B-]2(F)F,CN(C)C=O,0.510361896522555
CC1=CC(C)=[N+]2C1=Cc1c3ccccc3c(C#Cc3cccs3)n1[B-]2(F)F,CCCCCC,0.625770823970007
CC1=CC(C)=[N+]2C1=Cc1c3ccccc3c(C#Cc3cccs3)n1[B-]2(F)F,CCOC(C)=O,0.54984589075386
c1ccc2c(c1)ccc1ccc3ccc4ccccc4c3c12,ClC(Cl)Cl,-0.013030504901332618
N#Cc1cc2ccc3cc(C#N)c4ccccc4c3c2c2ccccc12,ClC(Cl)Cl,0.4354250483416928
COc1ccc2c(c1)c(C#N)cc1c(OC)c(OC)c3cc(C#N)c4cc(OC)ccc4c3c12,ClC(Cl)Cl,0.9461035909771589
COc1ccc2c(C=C(C#N)C#N)cc3ccc4cc(C=C(C#N)C#N)c5ccc(OC)cc5c4c3c2c1,ClC(Cl)Cl,0.5990400530484922
COc1ccc2c(C#N)cc3ccc4cc(C#N)c5ccc(OC)cc5c4c3c2c1,ClC(Cl)Cl,0.7849371163777772
NC(=O)C1=CN([C@H]2C[C@H](O)[C@@H](COP(=O)([O-])OP(=O)([O-])OC[C@H]3O[C@@H](n4cnc5c(N)ncnc54)C[C@@H]3O)O2)C=CC1,O,-0.399092931546075
C[N+]1=c2ccc3c(c2C(C)(C)CC1)Oc1cc2c(cc1C=3c1ccccc1C(=O)O)C(c1ccccc1C(=O)O)=c1ccc3c(c1O2)C(C)(C)CC[N+]=3C,ClC(Cl)Cl,0.66201629120756
c1ccc2c(c1)OB1Oc3ccccc3-c3c1c-2c1c2c3-c3ccccc3OB2Oc2ccccc2-1,ClCCl,0.6398828413555097
CC(C)(C)c1ccc2c(c1)-c1c3c(c4c5c1-c1cc(C(C)(C)C)ccc1OB5Oc1ccc(C(C)(C)C)cc1-4)-c1cc(C(C)(C)C)ccc1OB3O2,ClCCl,0.6262557683300617
CC1(C)c2ccccc2N(c2ccccc2)c2ccc(-c3nc(-c4ccccc4)nc(-c4ccccc4)n3)cc21,O=P(c1ccccc1)(c1ccccc1)c1ccccc1Oc1ccccc1P(=O)(c1ccccc1)c1ccccc1,0.8178508804914079
N#Cc1cc(-n2c3ccccc3c3cccnc32)c(-n2c3ccccc3c3cccnc32)cc1C#N,c1cc(-n2c3ccccc3c3ccccc32)cc(-n2c3ccccc3c3ccccc32)c1,1.4559685322330436
CCCCCCN1C(=O)c2cccc3c(-c4ccc(-c5ccc6c7c(cccc57)C(=O)N(CCCCCC)C6=O)s4)ccc(c23)C1=O,ClC(Cl)Cl,0.26007769095873945
CCN(CC)c1ccc2cc(-c3ccc(-c4ccc5ccc6c(-c7ccc(-c8cc9ccc(N(CC)CC)cc9oc8=O)cc7)ccc7ccc4c5c76)cc3)c(=O)oc2c1,ClC(Cl)Cl,0.5907852299700017
COc1ccc(C#Cc2ccccc2C#Cc2ccc(OC)cc2)cc1,CC#N,-0.2977791096704901
COc1cc(C#Cc2ccccc2)c(C#Cc2ccccc2)cc1OC,CC#N,0.22355130181240057
C(#Cc1ccccc1C#Cc1ccccc1)c1ccccc1,CC#N,-0.5536089681493239
c1ccc(/C(=C(\c2ccccc2)c2cc(-c3ccc(-c4ccccc4)cc3)ccc2-c2ccc(-c3ccccc3)cc2)c2cc(-c3ccc(-c4ccccc4)cc3)ccc2-c2ccc(-c3ccccc3)cc2)cc1,C1CCOC1,0.5385385421924594
Cc1ccc(-c2ccc(-c3ccc(-c4ccc(-c5ccc(C)cc5)cc4)c(/C(=C(/c4ccccc4)c4cc(-c5ccc(-c6ccc(C)cc6)cc5)ccc4-c4ccc(-c5ccc(C)cc5)cc4)c4ccccc4)c3)cc2)cc1,C1CCOC1,0.5747099254481953
c1ccc2c(c1)ncc1ccc3cnc4ccccc4c3c12,CC#N,0.5162966917860807
c1ccc(CO[Si]23n4c5c6ccccc6c4/N=C4\N=C(/N=c6/c7ccccc7c(n62)=c2c6ccccc6c(n23)=N5)c2ccccc24)cc1,CN(C)C=O,0.4792207587538918
CCCCCCOc1cc(/C=C/c2cc(OCCCCCC)c(/C=C/c3cc(OCCCCCC)c(C=C4C(=O)c5ccccc5C4=O)cc3OCCCCCC)cc2OCCCCCC)c(OCCCCCC)cc1C=C1C(=O)c2ccccc2C1=O,ClCCl,0.3102879271506289
COCCOCCOCCOCC(COCCOCCOCCOC)Oc1cc(/C=C/c2ccc(C=C3C(=O)c4ccccc4C3=O)cc2)c(OC(COCCOCCOCCOC)COCCOCCOCCOC)cc1/C=C/c1ccc(C=C2C(=O)c3ccccc3C2=O)cc1,ClCCl,0.48700035418139503
CC(C)(C)NC1=C2C=CC=[N+]2[B-](F)(F)n2cccc21,CO,-0.6394201930753978
CC(C)(C)NC1=C2C=CC=[N+]2[B-](F)(F)n2cccc21,CCO,-0.4998811979575613
CC(C)(C)NC1=C2C=CC=[N+]2[B-](F)(F)n2cccc21,CC(C)=O,-0.4393474465868569
CC(C)(C)NC1=C2C=CC=[N+]2[B-](F)(F)n2cccc21,CCOC(C)=O,-0.4336053929123653
CC(C)(C)NC1=C2C=CC=[N+]2[B-](F)(F)n2cccc21,C1CCCCC1,-0.16054213090690767
CC1=C(C(C)(C)C)C(C)=[N+]2C1=C(C)c1c(C)c(C(C)(C)C)c(C)n1[B-]2(F)F,CCOC(C)=O,0.9019987565005878
CC1=C(C(C)(C)C)C(C)=[N+]2C1=C(C)c1c(C)c(C(C)(C)C)c(C)n1[B-]2(F)F,CCCCOC(C)=O,0.9350816008317089
CC1=C(C(C)(C)C)C(C)=[N+]2C1=C(C)c1c(C)c(C(C)(C)C)c(C)n1[B-]2(F)F,CC#N,0.9617475494540986
CC1=C(C(C)(C)C)C(C)=[N+]2C1=C(C)c1c(C)c(C(C)(C)C)c(C)n1[B-]2(F)F,CCCCCCCCO,1.01871597957575
CC1=C(C(C)(C)C)C(C)=[N+]2C1=C(C)c1c(C)c(C(C)(C)C)c(C)n1[B-]2(F)F,CCCCCCO,1.0193351187978137
CC1=C(C(C)(C)C)C(C)=[N+]2C1=C(C)c1c(C)c(C(C)(C)C)c(C)n1[B-]2(F)F,CCCCO,1.0080226701491173
CC1=C(C(C)(C)C)C(C)=[N+]2C1=C(C)c1c(C)c(C(C)(C)C)c(C)n1[B-]2(F)F,CCCO,1.0131262838994366
CC1=C(C(C)(C)C)C(C)=[N+]2C1=C(C)c1c(C)c(C(C)(C)C)c(C)n1[B-]2(F)F,CCO,0.9976393474410274
CC1=C(C(C)(C)C)C(C)=[N+]2C1=C(C)c1c(C)c(C(C)(C)C)c(C)n1[B-]2(F)F,CO,1.0912664087494972
CC1=C(C(C)(C)C)C(C)=[N+]2C1=C(C)c1c(C)c(C(C)(C)C)c(C)n1[B-]2(F)F,OCC(F)(F)F,0.8884068911409707
CCC1=C(C)C2=C(C)c3cccn3[B-](F)(F)[N+]2=C1C,C1CCCCC1,0.6323030119867177
CCC1=C(C)C2=C(C)c3cccn3[B-](F)(F)[N+]2=C1C,CCOC(C)=O,0.44813452750124694
CCC1=C(C)C2=C(C)c3cccn3[B-](F)(F)[N+]2=C1C,CC(C)=O,0.45765751856892783
CCC1=C(C)C2=C(C)c3cccn3[B-](F)(F)[N+]2=C1C,CCO,0.39518703393185783
CCC1=C(C)C2=C(C)c3cccn3[B-](F)(F)[N+]2=C1C,CO,0.45570026527196206
CCC1=C(C)C2=C(C)c3cccn3[B-](F)(F)[N+]2=C1C,OCC(F)(F)F,0.478576607300731
CCC1=C(C)C2=C(C)c3cc(I)cn3[B-](F)(F)[N+]2=C1C,C1CCCCC1,0.22208204060423598
CCC1=C(C)C2=C(C)c3cc(I)cn3[B-](F)(F)[N+]2=C1C,CCOC(C)=O,0.07126309330471103
CCC1=C(C)C2=C(C)c3cc(I)cn3[B-](F)(F)[N+]2=C1C,CC(C)=O,0.08561242590464807
CCC1=C(C)C2=C(C)c3cc(I)cn3[B-](F)(F)[N+]2=C1C,CCO,-0.031503703626669766
CCC1=C(C)C2=C(C)c3cc(I)cn3[B-](F)(F)[N+]2=C1C,CO,0.044875582905472666
CCC1=C(C)C2=C(C)c3cc(I)cn3[B-](F)(F)[N+]2=C1C,OCC(F)(F)F,0.05900472065836637
CCC1=C(C)C2=C(C)c3c(I)c(I)cn3[B-](F)(F)[N+]2=C1C,C1CCCCC1,0.0007853851106578436
CCC1=C(C)C2=C(C)c3c(I)c(I)cn3[B-](F)(F)[N+]2=C1C,CCOC(C)=O,-0.06042279118677513
CCC1=C(C)C2=C(C)c3c(I)c(I)cn3[B-](F)(F)[N+]2=C1C,CC(C)=O,-0.040380661517531447
C#CCNC1=C2C=CC=[N+]2[B-](F)(F)n2cccc21,C1CCCCC1,-0.1339343877417613
C#CCNC1=C2C=CC=[N+]2[B-](F)(F)n2cccc21,c1ccccc1,-0.39945862107679414
C#CCNC1=C2C=CC=[N+]2[B-](F)(F)n2cccc21,Cc1ccccc1,-0.37526994980108747
C#CCNC1=C2C=CC=[N+]2[B-](F)(F)n2cccc21,ClC(Cl)Cl,0.04293121728263105
C#CCNC1=C2C=CC=[N+]2[B-](F)(F)n2cccc21,CCCCO,-0.4716386208617405
C#CCNC1=C2C=CC=[N+]2[B-](F)(F)n2cccc21,CCCO,-0.48957886994437155
C#CCNC1=C2C=CC=[N+]2[B-](F)(F)n2cccc21,CCO,-0.5686788350154084
C#CCNC1=C2C=CC=[N+]2[B-](F)(F)n2cccc21,CN(C)C=O,-0.40315093260357177
C#CCNC1=C2C=CC=[N+]2[B-](F)(F)n2cccc21,CS(C)=O,-0.454898200494478
CCC1=C(C)C2=C(C)c3c(I)c(I)cn3[B-](F)(F)[N+]2=C1C,CCO,-0.13409250940736667
CCC1=C(C)C2=C(C)c3c(I)c(I)cn3[B-](F)(F)[N+]2=C1C,CO,-0.06726980057727211
CCC1=C(C)C2=C(C)c3c(I)c(I)cn3[B-](F)(F)[N+]2=C1C,OCC(F)(F)F,-0.1250202693635391
CCC1=C(C)C2=C(C)c3cc(I)c(I)n3[B-](F)(F)[N+]2=C1C,C1CCCCC1,0.2677046439965797
CCC1=C(C)C2=C(C)c3cc(I)c(I)n3[B-](F)(F)[N+]2=C1C,CCOC(C)=O,0.21584192264251958
CCC1=C(C)C2=C(C)c3cc(I)c(I)n3[B-](F)(F)[N+]2=C1C,CC(C)=O,0.25176403676173903
CCC1=C(C)C2=C(C)c3cc(I)c(I)n3[B-](F)(F)[N+]2=C1C,CCO,0.15222957656945568
CCC1=C(C)C2=C(C)c3cc(I)c(I)n3[B-](F)(F)[N+]2=C1C,CO,0.2703249133818714
CCC1=C(C)C2=C(C)c3cc(I)c(I)n3[B-](F)(F)[N+]2=C1C,OCC(F)(F)F,0.18443103481056886
CCC1=C(C)C2=C(C)c3c(I)c(I)c(I)n3[B-](F)(F)[N+]2=C1C,C1CCCCC1,0.08214762756579186
CCC1=C(C)C2=C(C)c3c(I)c(I)c(I)n3[B-](F)(F)[N+]2=C1C,CCOC(C)=O,0.06277654804432259
CCC1=C(C)C2=C(C)c3c(I)c(I)c(I)n3[B-](F)(F)[N+]2=C1C,CC(C)=O,0.09244764252823778
CCC1=C(C)C2=C(C)c3c(I)c(I)c(I)n3[B-](F)(F)[N+]2=C1C,CCO,-0.028719700583803964
CCC1=C(C)C2=C(C)c3c(I)c(I)c(I)n3[B-](F)(F)[N+]2=C1C,CO,0.037923424503291336
CCC1=C(C)C2=C(C)c3c(I)c(I)c(I)n3[B-](F)(F)[N+]2=C1C,OCC(F)(F)F,-0.08460793600806898
CCC1=C(C)C2=Cc3cccn3[B-](F)(F)[N+]2=C1C,C1CCCCC1,0.6331573808856599
CCC1=C(C)C2=Cc3cccn3[B-](F)(F)[N+]2=C1C,CCOC(C)=O,0.45030531614465125
CCC1=C(C)C2=Cc3cccn3[B-](F)(F)[N+]2=C1C,CC(C)=O,0.45736343881410696
CCC1=C(C)C2=Cc3cccn3[B-](F)(F)[N+]2=C1C,CCO,0.3799071285496347
CCC1=C(C)C2=Cc3cccn3[B-](F)(F)[N+]2=C1C,CO,0.40290868577927685
CCC1=C(C)C2=Cc3cccn3[B-](F)(F)[N+]2=C1C,OCC(F)(F)F,0.4063442676329175
CCC1=C(C)C2=Cc3cc(I)cn3[B-](F)(F)[N+]2=C1C,C1CCCCC1,0.18731317187515817
CCC1=C(C)C2=Cc3cc(I)cn3[B-](F)(F)[N+]2=C1C,CCOC(C)=O,0.03399347545172965
CCC1=C(C)C2=Cc3cc(I)cn3[B-](F)(F)[N+]2=C1C,CC(C)=O,0.047152534890190834
CCC1=C(C)C2=Cc3cc(I)cn3[B-](F)(F)[N+]2=C1C,CCO,-0.05980513080043298
CCC1=C(C)C2=Cc3cc(I)cn3[B-](F)(F)[N+]2=C1C,CO,-0.008997151105860635
CCC1=C(C)C2=Cc3cc(I)cn3[B-](F)(F)[N+]2=C1C,OCC(F)(F)F,0.008505438440938817
CCC1=C(C)C2=Cc3c(I)c(I)cn3[B-](F)(F)[N+]2=C1C,C1CCCCC1,-0.1101709006954153
CCC1=C(C)C2=Cc3c(I)c(I)cn3[B-](F)(F)[N+]2=C1C,CCOC(C)=O,-0.1585750139652739
CCC1=C(C)C2=Cc3c(I)c(I)cn3[B-](F)(F)[N+]2=C1C,CC(C)=O,-0.14016915914356148
CCC1=C(C)C2=Cc3c(I)c(I)cn3[B-](F)(F)[N+]2=C1C,CCO,-0.23710164580274856
CCC1=C(C)C2=Cc3c(I)c(I)cn3[B-](F)(F)[N+]2=C1C,CO,-0.21534402877771225
CCC1=C(C)C2=Cc3c(I)c(I)cn3[B-](F)(F)[N+]2=C1C,OCC(F)(F)F,-0.25395423017165636
CCC1=C(C)C2=Cc3cc(I)c(I)n3[B-](F)(F)[N+]2=C1C,C1CCCCC1,0.2514730284349551
CCC1=C(C)C2=Cc3cc(I)c(I)n3[B-](F)(F)[N+]2=C1C,CCOC(C)=O,0.20363064522607463
CCC1=C(C)C2=Cc3cc(I)c(I)n3[B-](F)(F)[N+]2=C1C,CC(C)=O,0.2354852216933369
CCC1=C(C)C2=Cc3cc(I)c(I)n3[B-](F)(F)[N+]2=C1C,CCO,0.13389948363932114
CCC1=C(C)C2=Cc3cc(I)c(I)n3[B-](F)(F)[N+]2=C1C,CO,0.24656727532039824
CCC1=C(C)C2=Cc3cc(I)c(I)n3[B-](F)(F)[N+]2=C1C,OCC(F)(F)F,0.16021982076982572
CCC1=C(C)C2=Cc3c(I)c(I)c(I)n3[B-](F)(F)[N+]2=C1C,C1CCCCC1,0.036597098455438404
CCC1=C(C)C2=Cc3c(I)c(I)c(I)n3[B-](F)(F)[N+]2=C1C,CCOC(C)=O,0.0341380980015184
CCC1=C(C)C2=Cc3c(I)c(I)c(I)n3[B-](F)(F)[N+]2=C1C,CC(C)=O,0.05323983982735331
CCC1=C(C)C2=Cc3c(I)c(I)c(I)n3[B-](F)(F)[N+]2=C1C,CCO,-0.06976550649217678
CCC1=C(C)C2=Cc3c(I)c(I)c(I)n3[B-](F)(F)[N+]2=C1C,CO,-0.019127327473523137
CCC1=C(C)C2=Cc3c(I)c(I)c(I)n3[B-](F)(F)[N+]2=C1C,OCC(F)(F)F,-0.1564434049887729
CCC1=C(C)C2=C(C)c3c(C)c(CC)c(C)n3[B-](F)(F)[N+]2=C1C,CCC(C)C,0.8634736071200617
CCC1=C(C)C2=C(C)c3c(C)c(CC)c(C)n3[B-](F)(F)[N+]2=C1C,CCCCCC,1.010439997770783
CCC1=C(C)C2=C(C)c3c(C)c(CC)c(C)n3[B-](F)(F)[N+]2=C1C,C1CCCCC1,0.9080675191129347
CCC1=C(C)C2=C(C)c3c(C)c(CC)c(C)n3[B-](F)(F)[N+]2=C1C,CCCCCCCC,1.0069110027940682
CCC1=C(C)C2=C(C)c3c(C)c(CC)c(C)n3[B-](F)(F)[N+]2=C1C,c1ccccc1,0.8967872635803291
CCC1=C(C)C2=C(C)c3c(C)c(CC)c(C)n3[B-](F)(F)[N+]2=C1C,Cc1ccccc1,0.8853152144303057
CCC1=C(C)C2=C(C)c3c(C)c(CC)c(C)n3[B-](F)(F)[N+]2=C1C,CCOCC,0.8116478471793227
CCC1=C(C)C2=C(C)c3c(C)c(CC)c(C)n3[B-](F)(F)[N+]2=C1C,C1COCCO1,0.8090114243576885
CCC1=C(C)C2=C(C)c3c(C)c(CC)c(C)n3[B-](F)(F)[N+]2=C1C,C1CCOC1,0.8664424267092492
CCC1=C(C)C2=C(C)c3c(C)c(CC)c(C)n3[B-](F)(F)[N+]2=C1C,CN1CCCC1=O,0.8164829195301653
CCC1=C(C)C2=C(C)c3c(C)c(CC)c(C)n3[B-](F)(F)[N+]2=C1C,CCOC(C)=O,0.7411222474592121
CCC1=C(C)C2=C(C)c3c(C)c(CC)c(C)n3[B-](F)(F)[N+]2=C1C,CN(C)C=O,0.7374921607893308
CCC1=C(C)C2=C(C)c3c(C)c(CC)c(C)n3[B-](F)(F)[N+]2=C1C,CC(C)=O,0.7611412087021523
CCC1=C(C)C2=C(C)c3c(C)c(CC)c(C)n3[B-](F)(F)[N+]2=C1C,CC#N,0.7578844711736503
CCC1=C(C)C2=C(C)c3c(C)c(CC)c(C)n3[B-](F)(F)[N+]2=C1C,OCCO,0.7131724229579491
CCC1=C(C)C2=C(C)c3c(C)c(CC)c(C)n3[B-](F)(F)[N+]2=C1C,OCC(F)(F)F,0.8296879366325867
CCC1=C(C)C2=C(C)c3c(C)c(CC)c(C)n3[B-](F)(F)[N+]2=C1C,OCCOc1ccccc1,0.7691560812051148
CCC1=C(C)C2=C(C)c3c(C)c(CC)c(C)n3[B-](F)(F)[N+]2=C1C,CCCCCCCCCCO,0.9144347411089699
CCC1=C(C)C2=C(C)c3c(C)c(CC)c(C)n3[B-](F)(F)[N+]2=C1C,CCCCCCCCO,0.895748059175633
CCC1=C(C)C2=C(C)c3c(C)c(CC)c(C)n3[B-](F)(F)[N+]2=C1C,CCCCCCO,0.8676826010966091
CCC1=C(C)C2=C(C)c3c(C)c(CC)c(C)n3[B-](F)(F)[N+]2=C1C,CCCCO,0.8189622444955396
CCC1=C(C)C2=C(C)c3c(C)c(CC)c(C)n3[B-](F)(F)[N+]2=C1C,CC(C)O,0.7182838859132517
CCC1=C(C)C2=C(C)c3c(C)c(CC)c(C)n3[B-](F)(F)[N+]2=C1C,CCCO,0.8133804738619387
CCC1=C(C)C2=C(C)c3c(C)c(CC)c(C)n3[B-](F)(F)[N+]2=C1C,CCO,0.7637559798520692
CCC1=C(C)C2=C(C)c3c(C)c(CC)c(C)n3[B-](F)(F)[N+]2=C1C,CO,0.8902102744250303
CC1=C(C(C)(C)C)C(C)=[N+]2C1=C(C)c1c(C)c(C(C)(C)C)c(C)n1[B-]2(F)F,CCC(C)C,1.0044393753582186
CC1=C(C(C)(C)C)C(C)=[N+]2C1=C(C)c1c(C)c(C(C)(C)C)c(C)n1[B-]2(F)F,CCCCCC,1.102235577916485
CC1=C(C(C)(C)C)C(C)=[N+]2C1=C(C)c1c(C)c(C(C)(C)C)c(C)n1[B-]2(F)F,C1CCCCC1,1.0538511066185168
CC1=C(C(C)(C)C)C(C)=[N+]2C1=C(C)c1c(C)c(C(C)(C)C)c(C)n1[B-]2(F)F,CC(C)CC(C)(C)C,0.9851029915979073
CC1=C(C(C)(C)C)C(C)=[N+]2C1=C(C)c1c(C)c(C(C)(C)C)c(C)n1[B-]2(F)F,CCOCC,0.9970491782315591
CC1=C(C(C)(C)C)C(C)=[N+]2C1=C(C)c1c(C)c(C(C)(C)C)c(C)n1[B-]2(F)F,C1COCCO1,0.9319491613415412
CC1=C(C(C)(C)C)C(C)=[N+]2C1=C(C)c1c(C)c(C(C)(C)C)c(C)n1[B-]2(F)F,C1CCOC1,0.9948595913110028
CC1=C(C(C)(C)C)C(C)=[N+]2C1=C(C)c1c(C)c(C(C)(C)C)c(C)n1[B-]2(F)F,CN(C)C=O,0.9046666519798844
CC1=C(C(C)(C)C)C(C)=[N+]2C1=C(C)c1c(C)c(C(C)(C)C)c(C)n1[B-]2(F)F,CC(C)=O,0.9488133868018978
CC1=C(C(C)(C)C)C(C)=[N+]2C1=C(C)c1c(C)c(C(C)(C)C)c(C)n1[B-]2(F)F,CCCC(C)=O,0.9929831004558911
CC1=C(C(C)(C)C)C(C)=[N+]2C1=C(C)c1c(C)c(C(C)(C)C)c(C)n1[B-]2(F)F,CNC=O,0.9045359077345589
CC1=C(C(C)(C)C)C(C)=[N+]2C1=C(C)c1c(C)c(C(C)(C)C)c(C)n1[B-]2(F)F,COC(C)=O,0.8999439332250103
F[B-]1(F)n2cccc2C=C2C=CC=[N+]21,CCCCCC,-0.47591677884741596
F[B-]1(F)n2cccc2C=C2C=CC=[N+]21,ClCCl,-0.2929427859971138
F[B-]1(F)n2cccc2C=C2C=CC=[N+]21,CO,-0.7238153759198485
CC1=[N+]2C(=Cc3cccn3[B-]2(F)F)C=C1,CCCCCC,0.2799129637415817
CC1=[N+]2C(=Cc3cccn3[B-]2(F)F)C=C1,ClCCl,0.38026408252190924
CC1=[N+]2C(=Cc3cccn3[B-]2(F)F)C=C1,CO,0.09375955940752234
CC1=C2C=CC=[N+]2[B-](F)(F)n2cccc21,CCCCCC,-0.5062835707411304
CC1=C2C=CC=[N+]2[B-](F)(F)n2cccc21,ClCCl,-0.31345984944614363
CC1=C2C=CC=[N+]2[B-](F)(F)n2cccc21,CO,-0.7667433225941664
CC1=CC(C)=[N+]2C1=Cc1cccn1[B-]2(F)F,CCCCCC,0.497922375980044
CC1=CC(C)=[N+]2C1=Cc1cccn1[B-]2(F)F,ClCCl,0.5544255700715446
CC1=CC(C)=[N+]2C1=Cc1cccn1[B-]2(F)F,CO,0.32213577120880166
CC1=C2C=CC(C)=[N+]2[B-](F)(F)n2cccc21,CCCCCC,0.18115782153537485
CC1=C2C=CC(C)=[N+]2[B-](F)(F)n2cccc21,ClCCl,0.2536059171731382
CC1=C2C=CC(C)=[N+]2[B-](F)(F)n2cccc21,CO,-0.028030449380995803
CC1=CC(C)=[N+]2C1=C(C)c1cccn1[B-]2(F)F,CCCCCC,0.5385777502985112
CC1=CC(C)=[N+]2C1=C(C)c1cccn1[B-]2(F)F,ClCCl,0.5301548897713085
CC1=CC(C)=[N+]2C1=C(C)c1cccn1[B-]2(F)F,CO,0.34698214045206655
CC1=CC(C)=[N+]2C1=Cc1c(C)cc(C)n1[B-]2(F)F,CCCCCC,0.981352398776157
CC1=CC(C)=[N+]2C1=Cc1c(C)cc(C)n1[B-]2(F)F,ClCCl,0.9011084594773864
CC1=CC(C)=[N+]2C1=Cc1c(C)cc(C)n1[B-]2(F)F,CO,0.8645950196233267
F[B-]1(F)n2cccc2C=C2C=CC=[N+]21,OCC(F)(F)F,-0.588544073181043
F[B-]1(F)n2cccc2C=C2C=CC=[N+]21,CO,-0.7238153759198485
F[B-]1(F)n2cccc2C=C2C=CC=[N+]21,CCO,-0.6215511556205862
F[B-]1(F)n2cccc2C=C2C=CC=[N+]21,CC(C)=O,-0.5772157365280568
F[B-]1(F)n2cccc2C=C2C=CC=[N+]21,CCOC(C)=O,-0.5820652559663324
F[B-]1(F)n2cccc2C=C2C=CC=[N+]21,C1CCCCC1,-0.19691519512401984
C#CCNC1=C2C=CC=[N+]2[B-](F)(F)n2cccc21,OCC(F)(F)F,-0.551477017903041
C#CCNC1=C2C=CC=[N+]2[B-](F)(F)n2cccc21,CO,-0.6823567852508567
C#CCNC1=C2C=CC=[N+]2[B-](F)(F)n2cccc21,CCO,-0.5686789108531376
C#CCNC1=C2C=CC=[N+]2[B-](F)(F)n2cccc21,CC(C)=O,-0.4474340236628794
C#CCNC1=C2C=CC=[N+]2[B-](F)(F)n2cccc21,CCOC(C)=O,-0.416372937357358
C#CCNC1=C2C=CC=[N+]2[B-](F)(F)n2cccc21,C1CCCCC1,-0.133934311904032
C#CCNC1=C2C(C)=CC(C)=[N+]2[B-](F)(F)n2c(C)cc(C)c21,OCC(F)(F)F,0.7611997933480421
C#CCNC1=C2C(C)=CC(C)=[N+]2[B-](F)(F)n2c(C)cc(C)c21,CO,0.8489154553324774
C#CCNC1=C2C(C)=CC(C)=[N+]2[B-](F)(F)n2c(C)cc(C)c21,CC(C)=O,0.7612780958035518
C#CCNC1=C2C(C)=CC(C)=[N+]2[B-](F)(F)n2c(C)cc(C)c21,CCOC(C)=O,0.7385647717137866
C#CCNC1=C2C(C)=CC(C)=[N+]2[B-](F)(F)n2c(C)cc(C)c21,C1CCCCC1,0.9012618792037748
CNC1=C2C=CC=[N+]2[B-](F)(F)n2cccc21,OCC(F)(F)F,-0.663747495720278
CNC1=C2C=CC=[N+]2[B-](F)(F)n2cccc21,CO,-0.8284037951091874
CNC1=C2C=CC=[N+]2[B-](F)(F)n2cccc21,CCO,-0.7197103554701811
CNC1=C2C=CC=[N+]2[B-](F)(F)n2cccc21,CC(C)=O,-0.6356664529878813
CNC1=C2C=CC=[N+]2[B-](F)(F)n2cccc21,CCOC(C)=O,-0.6236724127470368
CNC1=C2C=CC=[N+]2[B-](F)(F)n2cccc21,C1CCCCC1,-0.28917653268426163
CC(C)(C)NC1=C2C=CC=[N+]2[B-](F)(F)n2cccc21,OCC(F)(F)F,-0.49126603190826795
Nc1ccc2c(c1)C(=O)NC2=O,C1CCOC1,0.9377167344119448
Nc1ccc2c(c1)C(=O)NC2=O,CN(C)C=O,1.0112798247851305
Nc1ccc2c(c1)C(=O)NC2=O,CCO,0.7644050749772092
Nc1cccc2c1C(=O)NC2=O,C1CCOC1,1.1120584598049947
Nc1cccc2c1C(=O)NC2=O,CN(C)C=O,1.1971840358204027
Nc1cccc2c1C(=O)NC2=O,CCO,1.0405109846013347
Nc1ccc2c(c1)C(=O)NC2=O,C1COCCO1,1.0110548900800054
Nc1ccc2c(c1)C(=O)NC2=O,C1CCOC1,0.9377167344119448
Nc1ccc2c(c1)C(=O)NC2=O,CC#N,0.864539051379098
CN(C)c1ccc2c(c1)C(=O)NC2=O,C1COCCO1,1.059766904530851
CN(C)c1ccc2c(c1)C(=O)NC2=O,C1CCOC1,1.0290356365100866
CN(C)c1ccc2c(c1)C(=O)NC2=O,CC#N,0.9361981976391629
Cn1nc(-c2ccccc2)c2n[nH]nc2/c1=N\c1ccccn1,Cc1ccccc1,0.31211563538636383
Cn1nc(-c2ccccc2)c2n[nH]nc2/c1=N\c1ccccn1,CC#N,0.512820375592086
Cn1nc(-c2ccccc2)c2n[nH]nc2/c1=N\c1ccccn1,CCO,0.2500285472048417
N#Cc1c(-n2c3ccccc3c3ccccc32)c(-n2c3ccc(-c4ccccc4)cc3c3cc(-c4ccccc4)ccc32)c(-n2c3ccccc3c3ccccc32)c(-n2c3ccc(-c4ccccc4)cc3c3cc(-c4ccccc4)ccc32)c1-n1c2ccccc2c2ccccc21,Cc1ccccc1,0.4769141542170145
N#Cc1c(-n2c3ccccc3c3ccccc32)c(-n2c3ccc(-c4ccccc4)cc3c3cc(-c4ccccc4)ccc32)c(-n2c3ccccc3c3ccccc32)c(-n2c3ccc(-c4ccccc4)cc3c3cc(-c4ccccc4)ccc32)c1-n1c2ccccc2c2ccccc21,c1cc(-c2cccc(-n3c4ccccc4c4ccccc43)c2)cc(-n2c3ccccc3c3ccccc32)c1,0.7844659365655917
COc1ccc(C#Cc2ccc(-c3nn[nH]n3)cc2)cc1OC,C1CCOC1,0.4456453104520561
COc1ccc(C#Cc2ccc(-c3nn[nH]n3)cc2)cc1OC,CC#N,0.5005230697514582
COc1ccc(C#Cc2ccc(-c3nn[nH]n3)cc2)cc1OC,CS(C)=O,0.46191771723233177
COc1ccc(C#Cc2ccc(-c3nn[nH]n3)cc2)cc1OC,Cc1ccccc1,0.2879805813852774
COc1ccc(C#Cc2ccc(-c3nn[nH]n3)cc2)cc1OC,C1COCCO1,0.4555119744096666
COc1ccc(C#Cc2ccc(-c3nn[nH]n3)cc2)cc1OC,CCOC(C)=O,0.45848611685947976
CCCCCCCCCCCCN1C(=O)c2cccc3c(N(Cc4ccccn4)Cc4ccccn4)c4ccccc4c(c23)C1=O,CCO,0.5196332769638271
CCCCCCCCCCCCN1C(=O)c2cccc3c(N(Cc4ccccn4)Cc4ccccn4)c4ccccc4c(c23)C1=O,CCO,0.5196332769638271
F[B-]1(F)OC(c2ccccc2)=CC(c2ccccc2)=[O+]1,CC#N,-0.007264183153462722
CC(=O)[B-]1(C(C)=O)OC(c2ccccc2)=CC(c2ccccc2)=[O+]1,ClC(Cl)(Cl)Cl,0.20456322178336478
COc1ccc(C2=CC(c3ccc(OC)cc3)=[O+][B-](C(C)=O)(C(C)=O)O2)cc1,ClC(Cl)(Cl)Cl,0.4838132925666939
COc1cc(OC)cc(C2=[O+][B-](F)(F)OC(c3ccccc3)=C2)c1,ClCCl,0.4385465719386983
COc1ccc(C2=CC(c3cc(OC)cc(OC)c3)=[O+][B-](F)(F)O2)cc1,ClCCl,0.5101215951975291
F[B-]1(F)OC(c2ccccc2)=CC(c2ccccc2)=[O+]1,ClC(Cl)(Cl)Cl,-0.2243949584196046
CC(=O)[B-]1(C(C)=O)OC(c2ccccc2)=CC(c2ccccc2)=[O+]1,CC#N,0.6864840642865493
COc1ccc(C2=CC(c3ccc(OC)cc3)=[O+][B-](C(C)=O)(C(C)=O)O2)cc1,CC#N,0.6733725930232283
COc1ccc(C2=C3C(C)=CC(C=Cc4ccc(C(=O)OC5C[C@H]6CCC5(C)C6(C)C)cc4)=[N+]3[B-](F)(F)n3c(C)cc(C)c32)cc1,Cc1ccccc1,0.6886030652405529
CCCCCCN1C(=O)C(c2ccc(-c3ccc(-n4c5ccccc5c5ccccc54)cc3)cc2)=C(c2ccc(-c3ccc(-n4c5ccccc5c5ccccc54)cc3)cc2)C1=O,ClC(Cl)Cl,0.42916910873369973
CCCCCCN1C(=O)C(c2ccc(-c3ccc(-n4c5ccccc5c5ccccc54)cc3)cc2)=C(c2ccc(-c3ccc(-n4c5ccccc5c5ccccc54)cc3)cc2)C1=O,c1ccc2c(c1)c1ccccc1n2-c1ccc(-c2ccc(-n3c4ccccc4c4ccccc43)cc2)cc1,0.75574512674876
CN(C)c1ccc(-c2ccc3ncnc(Nc4ccccc4)c3c2)cc1,ClC(Cl)Cl,0.5519952931575998
COc1ccc(-c2ccc3ncnc(Nc4ccccc4)c3c2)cc1,ClC(Cl)Cl,0.5497187582803927
c1ccc(Nc2ncnc3ccc(-c4ccccc4)cc23)cc1,ClC(Cl)Cl,0.39189954301915725
N#Cc1ccc(-c2ccc3ncnc(Nc4ccccc4)c3c2)cc1,ClC(Cl)Cl,0.5235538505761032
O=[N+]([O-])c1ccc(-c2ccc3ncnc(Nc4ccccc4)c3c2)cc1,ClC(Cl)Cl,0.20456058642227137
CC(C)(C)NC(=O)c1ccc(-c2ccc(N3c4ccccc4Oc4ccccc43)cc2)c2ccc3c4ccc(F)cc4c4cc(F)ccc4c3c12,ClCCl,0.6652295357983042
c1ccc(-c2nc(-c3ccc(N4CCCC4)cc3)cc(-c3ccc4ccccc4c3)n2)cc1,ClC(Cl)Cl,0.8285021758160045
N#Cc1cc(-n2c3ccccc3c3ccccc32)c(C#N)cc1-n1c2ccccc2c2ccccc21,c1ccc2c(c1)c1ccccc1n2P1(n2c3ccccc3c3ccccc32)=NP(n2c3ccccc3c3ccccc32)(n2c3ccccc3c3ccccc32)=NP(n2c3ccccc3c3ccccc32)(n2c3ccccc3c3ccccc32)=N1,1.3807530514948487
Cc1ccccc1C1=C2C=c3c(oc4c3ccc3ccccc34)=[N+]2[B-](F)(F)n2c1cc1c3ccc4ccccc4c3oc12,CO,0.3346900484553286
Cc1ccccc1C1=C2C=c3c(oc4c3ccc3ccccc34)=[N+]2[B-](F)(F)n2c1cc1c3ccc4ccccc4c3oc12,CCOC(C)=O,0.21012341658297784
Cc1ccccc1C1=C2C=c3c(oc4c3ccc3ccccc34)=[N+]2[B-](F)(F)n2c1cc1c3ccc4ccccc4c3oc12,C1CCCCC1,0.2962705836904501
c1ccc2c(c1)Sc1ccc(-n3c4ccccc4c4ccccc43)cc1S2,O=P(c1ccccc1)(c1ccccc1)c1ccccc1Oc1ccccc1P(=O)(c1ccccc1)c1ccccc1,0.9963078644275816
c1ccc2c(c1)Sc1ccc(-n3c4ccccc4c4ccccc43)cc1S2,c1cc(-c2cccc(-n3c4ccccc4c4ccccc43)c2)cc(-n2c3ccccc3c3ccccc32)c1,0.7807870862357661
c1ccc2c(c1)Sc1ccc(-n3c4ccccc4c4ccccc43)cc1S2,CC1CCCCC1,0.5855502842319548
F[B-]1(F)OC(c2ccc3c(c2)Cc2ccccc2-3)=CC(c2ccccc2)=[O+]1,CC#N,0.06456692515780604
COc1ccc(C2=[O+][B-](F)(F)OC(c3ccc4c(c3)Cc3ccccc3-4)=C2)cc1,CC#N,0.1295029808770618
CCCCCCCCN1C(=O)c2ccc3c4c(-c5ccc(-n6c7ccccc7c7ccccc76)cc5)cc5c6c(ccc(c7c(-c8ccc(-n9c%10ccccc%10c%10ccccc%109)cc8)cc(c2c37)C1=O)c64)C(=O)N(CCCCCCCC)C5=O,ClC(Cl)Cl,0.5576506074291963
c1ccc(-c2cnc3nn4ccccc4c3n2)cc1,C1CCOC1,0.6844182824590868
Cc1ccc(-c2cnc3nn4ccccc4c3n2)cc1,C1CCOC1,0.7532788837916911
COc1ccc(-c2cnc3nn4ccccc4c3n2)cc1,C1CCOC1,0.7126929768332693
CC(=O)c1ccc(-c2cnc3nn4ccccc4c3n2)cc1,C1CCOC1,0.49926804064887026
N#Cc1ccc(N/N=C/c2ccc3ccccc3c2O)cc1,CO,-0.5889745281325904
COc1c(/C=N/Nc2ccc(C#N)cc2)ccc2ccccc12,CO,-0.6797655617158898
CCCCc1cc(-c2cccc(COC)c2)oc1-c1cccc(-c2oc(-c3cccc(COC)c3)cc2CCCC)c1,ClC(Cl)Cl,0.3023014653570081
C(=C/c1ccc2ccccc2c1)\c1ccc(N(c2ccccc2)c2ccccc2)cc1,CC#N,0.15613823417851436
C(=C/c1ccc2ccccc2c1)\c1ccc(N(c2ccccc2)c2ccccc2)cc1,CCCCCC,0.03269505768826175
CN(C)c1ccc2nc(/C=C/c3ccccc3)c(=O)oc2c1,CCCCCCC,0.09812659921194583
CN(C)c1ccc2nc(/C=C/c3ccccc3)c(=O)oc2c1,C1CCCCC1,0.026548485565645763
CN(C)c1ccc2nc(/C=C/c3ccccc3)c(=O)oc2c1,Cc1ccccc1,0.11926903953627477
CN(C)c1ccc2nc(/C=C/c3ccccc3)c(=O)oc2c1,C1COCCO1,0.217348363297477
CN(C)c1ccc2nc(/C=C/c3ccccc3)c(=O)oc2c1,ClC(Cl)Cl,0.19076602577164853
CN(C)c1ccc2nc(/C=C/c3ccccc3)c(=O)oc2c1,CCOC(C)=O,0.15167239677223593
CN(C)c1ccc2nc(/C=C/c3ccccc3)c(=O)oc2c1,ClCCl,0.16257223129520448
CN(C)c1ccc2nc(/C=C/c3ccccc3)c(=O)oc2c1,CS(C)=O,-0.12927055698369422
CN(C)c1ccc2nc(/C=C/c3ccccc3)c(=O)oc2c1,CN(C)C=O,0.16733652808517124
CN(C)c1ccc2nc(/C=C/c3ccccc3)c(=O)oc2c1,CC(C)=O,0.1229071839648948
CN(C)c1ccc2nc(/C=C/c3ccccc3)c(=O)oc2c1,CC#N,0.227230891560087
CN(C)c1ccc2nc(/C=C/c3ccccc3)c(=O)oc2c1,CCO,-0.02485910513569367
CN(C)c1ccc(/C=C/c2nc3ccc(N(C)C)cc3oc2=O)cc1,CCCCCCC,-0.07027873832526293
CN(C)c1ccc(/C=C/c2nc3ccc(N(C)C)cc3oc2=O)cc1,C1CCCCC1,-0.15164867830992163
CN(C)c1ccc(/C=C/c2nc3ccc(N(C)C)cc3oc2=O)cc1,Cc1ccccc1,-0.07406376147611865
CN(C)c1ccc(/C=C/c2nc3ccc(N(C)C)cc3oc2=O)cc1,C1COCCO1,0.008119121047848121
CN(C)c1ccc(/C=C/c2nc3ccc(N(C)C)cc3oc2=O)cc1,ClC(Cl)Cl,0.0068832314921939974
CN(C)c1ccc(/C=C/c2nc3ccc(N(C)C)cc3oc2=O)cc1,CCOC(C)=O,-0.003129510151636372
CN(C)c1ccc(/C=C/c2nc3ccc(N(C)C)cc3oc2=O)cc1,ClCCl,-0.04051572851342755
CN(C)c1ccc(/C=C/c2nc3ccc(N(C)C)cc3oc2=O)cc1,CS(C)=O,-0.24793097019689375
CN(C)c1ccc(/C=C/c2nc3ccc(N(C)C)cc3oc2=O)cc1,CN(C)C=O,-0.06450907971730352
CN(C)c1ccc(/C=C/c2nc3ccc(N(C)C)cc3oc2=O)cc1,CC(C)=O,-0.050096233019071734
CN(C)c1ccc(/C=C/c2nc3ccc(N(C)C)cc3oc2=O)cc1,CC#N,0.02119047415236558
CN(C)c1ccc(/C=C/c2nc3ccc(N(C)C)cc3oc2=O)cc1,OCC(O)CO,0.21635314477577916
CN(C)c1ccc(/C=C/c2nc3ccc(N(C)C)cc3oc2=O)cc1,CC(O)CO,0.1193932048585829
CN(C)c1ccc(/C=C/c2nc3ccc(N(C)C)cc3oc2=O)cc1,CCO,-0.24947206869414457
Cc1ccc(-c2c3nc(c(-c4ccco4)c4ccc([nH]4)c(-c4ccco4)c4nc(c(-c5ccco5)c5ccc2[nH]5)C=C4)C=C3)cc1,ClCCl,0.4315439695968825
CN(c1ccccc1)c1ccc(N(c2ccccc2)c2ccc3ccc4c(N(c5ccccc5)c5ccc(N(C)c6ccccc6)cc5)ccc5ccc2c3c54)cc1,ClCCl,0.5525685315940002
Nc1ccc2[nH]ncc2c1,C1CCCCC1,0.6627990313711715
Nc1ccc2[nH]ncc2c1,CC#N,0.47385183144744947
Nc1ccc2[nH]ncc2c1,CO,0.4534729775202239
Nc1ccc2[nH]ncc2c1,O,0.38896846218001635
Nc1ccc2cn[nH]c2c1,C1CCCCC1,0.6504306371390344
Nc1ccc2cn[nH]c2c1,CC#N,0.4591436252327148
Nc1ccc2cn[nH]c2c1,CO,0.45173484786237506
Nc1ccc2cn[nH]c2c1,O,0.3874165639161264
Nc1cccc2cn[nH]c12,CC#N,0.8173480005083721
Nc1cccc2cn[nH]c12,CO,0.8431366582781366
Nc1cccc2cn[nH]c12,O,0.7523117631487015
C(=C/c1ccc(-c2ccc(/C=C/c3ccc(-n4c5ccccc5c5ccccc54)cc3)s2)s1)\c1ccc(-n2c3ccccc3c3ccccc32)cc1,Cc1ccccc1,0.2259248331453914
C(=C/c1ccc(-c2ccc(/C=C/c3ccc(-n4c5ccccc5c5ccccc54)cc3)s2)s1)\c1ccc(-n2c3ccccc3c3ccccc32)cc1,C1CCOC1,0.21936850977132882
C(=C/c1ccc(-c2ccc(/C=C/c3ccc(-n4c5ccccc5c5ccccc54)cc3)s2)s1)\c1ccc(-n2c3ccccc3c3ccccc32)cc1,CC(C)=O,0.12754047107748345
C(=C/c1ccc(-c2ccc(/C=C/c3ccc(-n4c5ccccc5c5ccccc54)cc3)s2)s1)\c1ccc(-n2c3ccccc3c3ccccc32)cc1,CC#N,0.17457258502701392
C(=C/c1ccc(-c2ccc(/C=C/c3ccc(-n4c5ccccc5c5ccccc54)cc3)s2)s1)\c1ccc(-n2c3ccccc3c3ccccc32)cc1,CN(C)C=O,0.2329125594426178
CCc1ccc(-c2nc(-c3ccc(-n4c5ccccc5c5ccccc54)cc3)cc(-c3ccc(-n4c5ccccc5c5ccccc54)cc3)n2)cc1,CN(C)C=O,0.7791206658908352
CN(C)c1ccc(-c2nc(-c3ccc(-n4c5ccccc5c5ccccc54)cc3)cc(-c3ccc(-n4c5ccccc5c5ccccc54)cc3)n2)cc1,CN(C)C=O,0.7245093861526442
CCc1ccc(-c2nc(-c3ccc(-n4c5ccccc5c5ccccc54)cc3)cc(-c3ccc(-n4c5ccccc5c5ccccc54)cc3)n2)cc1,Cc1ccccc1,0.6089768621658538
CN(C)c1ccc(-c2nc(-c3ccc(-n4c5ccccc5c5ccccc54)cc3)cc(-c3ccc(-n4c5ccccc5c5ccccc54)cc3)n2)cc1,Cc1ccccc1,0.5853128742203587
CCc1ccc(-c2nc(-c3ccc(-n4c5ccccc5c5ccccc54)cc3)cc(-c3ccc(-n4c5ccccc5c5ccccc54)cc3)n2)cc1,ClC(Cl)Cl,0.5037192413733924
CN(C)c1ccc(-c2nc(-c3ccc(-n4c5ccccc5c5ccccc54)cc3)cc(-c3ccc(-n4c5ccccc5c5ccccc54)cc3)n2)cc1,ClC(Cl)Cl,0.5333519809257105
CCc1ccc(-c2nc(-c3ccc(-n4c5ccccc5c5ccccc54)cc3)cc(-c3ccc(-n4c5ccccc5c5ccccc54)cc3)n2)cc1,C1CCOC1,0.6547761390283346
CN(C)c1ccc(-c2nc(-c3ccc(-n4c5ccccc5c5ccccc54)cc3)cc(-c3ccc(-n4c5ccccc5c5ccccc54)cc3)n2)cc1,C1CCOC1,0.6208754416649329
Cc1csc(C)c1C1=C(c2c(C)sc(-c3ccc(-c4nc(-c5ccccc5)c(-c5ccccc5)[nH]4)cc3)c2C)C(F)(F)C(F)(F)C1(F)F,C1CCOC1,0.05164182511425747
Cc1cc(C2=C(c3c(C)sc(-c4ccc(-c5nc(-c6ccccc6)c(-c6ccccc6)[nH]5)cc4)c3C)C(F)(F)C(F)(F)C2(F)F)c(C)s1,C1CCOC1,0.08218065489690513
c1ccc(N2N=C(c3ccc4ccc5cccc6ccc3c4c56)CC2c2ccc3ccc4cccc5ccc2c3c45)cc1,ClCCl,0.5129492712927597
CSc1ccc2c(c1)N(CCCN1CCN(C)CN1C)c1ccccc1S2,CC#N,0.4226137807298343
CSc1ccc2c(c1)N(CCCN1CCN(C)CN1C)c1ccccc1S2,CO,0.2518305843692061
CSc1ccc2c(c1)N(CCCN1CCN(C)CN1C)c1ccccc1S2,O,0.2564353564955752
c1ccc(-c2cccc(N3c4cc(-c5ccccc5)ccc4B4c5ccc(N(c6ccccc6)c6ccccc6)cc5N(c5ccccc5)c5cccc3c54)c2)cc1,ClCCl,0.5643465196237648
c1ccc(-c2cccc(N3c4cc(-c5ccccc5)ccc4B4c5ccc(N(c6ccccc6)c6ccccc6)cc5N(c5ccccc5)c5cccc3c54)c2)cc1,CCO,0.37360913218088265
c1ccc(-c2cccc(N3c4cc(-c5ccccc5)ccc4B4c5ccc(N(c6ccccc6)c6ccccc6)cc5N(c5ccccc5)c5cccc3c54)c2)cc1,c1cc(-c2cccc(-n3c4ccccc4c4ccccc43)c2)cc(-n2c3ccccc3c3ccccc32)c1,0.8142484745927239
c1ccc(-c2cccc(N3c4cc(-c5ccccc5)ccc4B4c5ccc(N(c6ccccc6)c6ccccc6)cc5N(c5ccccc5)c5cccc3c54)c2)cc1,ClCCl,0.5643465196237648
c1ccc(-c2cccc(N3c4cc(-c5ccccc5)ccc4B4c5ccc(N(c6ccccc6)c6ccccc6)cc5N(c5ccccc5)c5cccc3c54)c2)cc1,CCO,0.37360913218088265
c1ccc(-c2cccc(N3c4cc(-c5ccccc5)ccc4B4c5ccc(N(c6ccccc6)c6ccccc6)cc5N(c5ccccc5)c5cccc3c54)c2)cc1,c1cc(-c2cccc(-n3c4ccccc4c4ccccc43)c2)cc(-n2c3ccccc3c3ccccc32)c1,0.8142484745927239
CCCCOC(=O)c1cc(Oc2ccc(C(C)(C)C)cc2)c2c3c(Cl)cc4c5c(cc(Cl)c(c6c(Oc7ccc(C(C)(C)C)cc7)cc(C(=O)OCCCC)c1c26)c53)C(=O)N(c1c(C(C)C)cccc1C(C)C)C4=O,Cc1ccccc1,0.6372493193270216
CCCCOC(=O)c1cc(Oc2ccc(OC)cc2)c2c3c(Cl)cc4c5c(cc(Cl)c(c6c(Oc7ccc(OC)cc7)cc(C(=O)OCCCC)c1c26)c53)C(=O)N(c1c(C(C)C)cccc1C(C)C)C4=O,Cc1ccccc1,0.5272876358610957
C(/C=C/c1ccc(N(c2ccccc2)c2ccccc2)cc1)=C\c1ccncc1,CC#N,0.02348759897307945
C(/C=C/c1ccc(N(c2ccccc2)c2ccccc2)cc1)=C\c1ccncc1,C1COCCO1,0.20217315782538497
c1ccc2c(c1)CCc1ccccc1N2c1c2ccccc2cc2ccccc12,Cc1ccccc1,0.985784090244815
COc1ccc(N(c2ccccc2)c2ccccc2)cc1,Cc1ccccc1,0.6981611028188899
COc1ccc(N(c2ccccc2)c2ccc(OC)cc2)cc1,Cc1ccccc1,0.4547399321057455
COc1cc(N(c2ccccc2)c2ccccc2)ccc1C=C(C#N)C#N,Cc1ccccc1,0.4071705884216612
COc1cc(N(c2ccccc2)c2ccccc2)ccc1C=C(C#N)C#N,C1COCCO1,0.5393410949628524
COc1cc(N(c2ccccc2)c2ccccc2)ccc1C=C(C#N)C#N,ClCCl,0.4382932597032381
COc1cc(N(c2ccccc2)c2ccccc2)ccc1C=C(C#N)C#N,ClC(Cl)Cl,0.6008191872186057
COc1cc(N(c2ccccc2)c2ccccc2)ccc1C=C(C#N)C#N,CCOC(C)=O,0.4216788508330066
COc1cc(N(c2ccccc2)c2ccccc2)ccc1C=C(C#N)C#N,CC(C)=O,0.24911411482428825
COc1cc(N(c2ccccc2)c2ccccc2)ccc1C=C(C#N)C#N,CN(C)C=O,0.2559997635378672
COc1cc(N(c2ccccc2)c2ccccc2)ccc1C=C(C#N)C#N,CC#N,0.32259754714255295
COc1cc(N(c2ccccc2)c2ccccc2)ccc1C=C(C#N)C#N,CO,0.011542891175149173
COc1cc(N(c2ccccc2)c2ccc(C=C(C#N)C#N)c(OC)c2)ccc1C=C(C#N)C#N,Cc1ccccc1,0.2170717830986938
COc1cc(N(c2ccccc2)c2ccc(C=C(C#N)C#N)c(OC)c2)ccc1C=C(C#N)C#N,C1COCCO1,0.36442221127076835
COc1cc(N(c2ccccc2)c2ccc(C=C(C#N)C#N)c(OC)c2)ccc1C=C(C#N)C#N,ClCCl,0.2697359480963558
COc1cc(N(c2ccccc2)c2ccc(C=C(C#N)C#N)c(OC)c2)ccc1C=C(C#N)C#N,ClC(Cl)Cl,0.4241272648139011
COc1cc(N(c2ccccc2)c2ccc(C=C(C#N)C#N)c(OC)c2)ccc1C=C(C#N)C#N,CCOC(C)=O,0.26966203474942985
COc1cc(N(c2ccccc2)c2ccc(C=C(C#N)C#N)c(OC)c2)ccc1C=C(C#N)C#N,CC(C)=O,0.10766577215511763
COc1cc(N(c2ccccc2)c2ccc(C=C(C#N)C#N)c(OC)c2)ccc1C=C(C#N)C#N,CN(C)C=O,0.10687836797115374
COc1cc(N(c2ccccc2)c2ccc(C=C(C#N)C#N)c(OC)c2)ccc1C=C(C#N)C#N,CC#N,0.1873209642018445
COc1cc(N(c2ccccc2)c2ccc(C=C(C#N)C#N)c(OC)c2)ccc1C=C(C#N)C#N,CO,-0.19157436095642771
COc1cc(N(c2ccc(C=C(C#N)C#N)c(OC)c2)c2ccc(C=C(C#N)C#N)c(OC)c2)ccc1C=C(C#N)C#N,Cc1ccccc1,0.12756553544701943
COc1cc(N(c2ccc(C=C(C#N)C#N)c(OC)c2)c2ccc(C=C(C#N)C#N)c(OC)c2)ccc1C=C(C#N)C#N,C1COCCO1,0.2645741762873741
COc1cc(N(c2ccc(C=C(C#N)C#N)c(OC)c2)c2ccc(C=C(C#N)C#N)c(OC)c2)ccc1C=C(C#N)C#N,ClCCl,0.18054304298274637
COc1cc(N(c2ccc(C=C(C#N)C#N)c(OC)c2)c2ccc(C=C(C#N)C#N)c(OC)c2)ccc1C=C(C#N)C#N,ClC(Cl)Cl,0.3194481863590337
COc1cc(N(c2ccc(C=C(C#N)C#N)c(OC)c2)c2ccc(C=C(C#N)C#N)c(OC)c2)ccc1C=C(C#N)C#N,CCOC(C)=O,0.18686455378744168
COc1cc(N(c2ccc(C=C(C#N)C#N)c(OC)c2)c2ccc(C=C(C#N)C#N)c(OC)c2)ccc1C=C(C#N)C#N,CC(C)=O,0.03838015722804372
COc1cc(N(c2ccc(C=C(C#N)C#N)c(OC)c2)c2ccc(C=C(C#N)C#N)c(OC)c2)ccc1C=C(C#N)C#N,CN(C)C=O,0.04089243368680201
COc1cc(N(c2ccc(C=C(C#N)C#N)c(OC)c2)c2ccc(C=C(C#N)C#N)c(OC)c2)ccc1C=C(C#N)C#N,CC#N,0.11808026416995271
COc1cc(N(c2ccc(C=C(C#N)C#N)c(OC)c2)c2ccc(C=C(C#N)C#N)c(OC)c2)ccc1C=C(C#N)C#N,CO,-0.27952231390573085
CCCCCCCCCCCCCCCCOC(=O)c1ccc(N(c2ccccc2)c2ccccc2)cc1,C1CCCCC1,0.4684828662221425
CCCCCCCCCCCCCCCCOC(=O)c1ccc(N(c2ccccc2)c2ccccc2)cc1,c1ccccc1,0.4434493294629476
CCCCCCCCCCCCCCCCOC(=O)c1ccc(N(c2ccccc2)c2ccccc2)cc1,C1CCOC1,0.46030695230099616
CCCCCCCCCCCCCCCCOC(=O)c1ccc(N(c2ccccc2)c2ccccc2)cc1,CCOC(C)=O,0.3620851294464258
CCCCCCCCCCCCCCCCOC(=O)c1ccc(N(c2ccccc2)c2ccccc2)cc1,ClCCCl,0.43046209935966406
CCCCCCCCCCCCCCCCOC(=O)c1ccc(N(c2ccccc2)c2ccccc2)cc1,CC#N,0.25216146438217324
c1ccc(N(c2ccccc2)c2ccccc2)cc1,CCO,0.6484408257569054
c1ccc2c(-c3cc(-c4nccs4)nc(-c4nccs4)c3)cccc2c1,ClC(Cl)Cl,0.5071168095652178
c1ccc2c(-c3cc(-c4nccs4)nc(-c4nccs4)c3)cccc2c1,CC#N,0.7311322571341738
c1ccc2c(-c3cc(-c4nccs4)nc(-c4nccs4)c3)cccc2c1,CO,0.5385365514520651
c1ccc2c(-c3cc(-c4nccs4)nc(-c4nccs4)c3)cccc2c1,CCCCCC,0.604047390801456
CCCCn1c(-c2ccc(-c3nnc(-c4cccs4)o3)cc2)nc(-c2ccccc2)c1-c1ccccc1,ClCCl,0.26115925073525353
CC1=CC(/C=C/c2ccc(OCCN3CCOCC3)cc2)=[N+]2C1=C(c1ccc(OCCN3CCCCC3)cc1)c1c(C)cc(/C=C/c3ccc(OCCN4CCOCC4)cc3)n1[B-]2(F)F,CCO,0.4599648246048012
CN(C)c1ccc(C=CC(=O)c2ccccc2)cc1,CCOC(C)=O,-0.7473347033966902
CN(C)c1ccc(C=CC(=O)c2ccccc2)cc1,CC#N,-0.8513468316810238
CCCn1c2cccc3oc4cccc5c4[c+](c32)c2c1cccc2n5CCC,CC#N,0.8962520008868792
CCCn1c2cccc3oc4cccc5c4[c+](c32)c2c1cccc2n5CCC,CO,0.9495776794378552
CCCn1c2cccc3oc4cccc5c4[c+](c32)c2c1cccc2n5CCC,OCC(O)CO,1.0270514939982234
CCCn1c2cccc3oc4cccc5c4[c+](c32)c2c1cccc2n5CCC,ClCCl,0.8538504438916823
NNC(=O)NNN1C(=O)c2cc(S(=O)(=O)[O-])cc3c(N)c(S(=O)(=O)[O-])cc(c23)C1=O,C1COCCO1,0.9857435928973648
NNC(=O)NNN1C(=O)c2cc(S(=O)(=O)[O-])cc3c(N)c(S(=O)(=O)[O-])cc(c23)C1=O,c1ccncc1,0.9507801624737495
NNC(=O)NNN1C(=O)c2cc(S(=O)(=O)[O-])cc3c(N)c(S(=O)(=O)[O-])cc(c23)C1=O,CCOC(C)=O,0.7311851539503655
NNC(=O)NNN1C(=O)c2cc(S(=O)(=O)[O-])cc3c(N)c(S(=O)(=O)[O-])cc(c23)C1=O,CC(C)=O,0.6920839790968869
NNC(=O)NNN1C(=O)c2cc(S(=O)(=O)[O-])cc3c(N)c(S(=O)(=O)[O-])cc(c23)C1=O,CS(C)=O,0.5447365038563972
NNC(=O)NNN1C(=O)c2cc(S(=O)(=O)[O-])cc3c(N)c(S(=O)(=O)[O-])cc(c23)C1=O,CC#N,0.753476365238807
NNC(=O)NNN1C(=O)c2cc(S(=O)(=O)[O-])cc3c(N)c(S(=O)(=O)[O-])cc(c23)C1=O,CCCCCCCCO,0.9310722117586978
NNC(=O)NNN1C(=O)c2cc(S(=O)(=O)[O-])cc3c(N)c(S(=O)(=O)[O-])cc(c23)C1=O,CC(C)O,0.9646219131514338
NNC(=O)NNN1C(=O)c2cc(S(=O)(=O)[O-])cc3c(N)c(S(=O)(=O)[O-])cc(c23)C1=O,CCO,0.7587181553319239
NNC(=O)NNN1C(=O)c2cc(S(=O)(=O)[O-])cc3c(N)c(S(=O)(=O)[O-])cc(c23)C1=O,OCCO,0.9933555016256539
NNC(=O)NNN1C(=O)c2cc(S(=O)(=O)[O-])cc3c(N)c(S(=O)(=O)[O-])cc(c23)C1=O,CO,0.8087930116972839
NNC(=O)NNN1C(=O)c2cc(S(=O)(=O)[O-])cc3c(N)c(S(=O)(=O)[O-])cc(c23)C1=O,O,0.6072842398854472
NNC(=O)N1C(=O)c2cc(S(=O)(=O)[O-])cc3c(N)c(S(=O)(=O)[O-])cc(c23)C1=O,O,0.507581713805303
CN(C)c1ccc2nc(-c3ccc(C=C4C(=O)c5ccccc5C4=O)cc3)sc2c1,C1CCCCC1,0.4247985424748635
CC1=CC(C)=[N+]2C1=Cc1c3ccccc3c(C#Cc3ccsc3)n1[B-]2(F)F,CCCCCC,0.6645099495037733
CC1=CC(C)=[N+]2C1=Cc1c3ccccc3c(C#Cc3ccsc3)n1[B-]2(F)F,CCOC(C)=O,0.5800841092572503
CC1=CC(C)=[N+]2C1=Cc1c3ccccc3c(C#Cc3ccsc3)n1[B-]2(F)F,CCCCCCCCO,0.590772944257854
CC1=CC(C)=[N+]2C1=Cc1c3ccccc3c(C#Cc3ccsc3)n1[B-]2(F)F,CN(C)C=O,0.535530324902897
CCN(CC)c1ccc2c(-c3ccccc3C(=O)O)c3c([o+]c2c1)/C(=C/c1ccc(N2CCCC2)s1)CCC3,ClCCl,0.4148775197510841
CC1(C)c2ccccc2N(c2cc[n+]3c(c2)-c2ccccc2O[B-]3(F)F)c2ccccc21,O=P(c1ccccc1)(c1ccccc1)c1ccccc1Oc1ccccc1P(=O)(c1ccccc1)c1ccccc1,0.6686723411956614
c1ccc(N(c2ccccc2)c2ccc(-c3ccc(-c4ccc(-c5ccc(-c6ccc(N(c7ccccc7)c7ccccc7)cc6)s5)c5nsnc45)s3)cc2)cc1,ClC(Cl)Cl,0.753907199379001
COc1ccc(N(c2ccc(OC)cc2)c2ccc(-c3ccc(-c4ccc(-c5ccc(-c6ccc(N(c7ccc(OC)cc7)c7ccc(OC)cc7)cc6)s5)c5nsnc45)s3)cc2)cc1,ClC(Cl)Cl,0.6064208652561498
CC1(C)c2ccccc2N(c2ccc3c(c2)Oc2ccccc2P3(=O)c2ccccc2)c2ccccc21,O=P(c1ccccc1)(c1ccccc1)c1ccccc1Oc1ccccc1P(=O)(c1ccccc1)c1ccccc1,1.131189057886831
N#Cc1ccc(-n2c(-c3ccc(-c4ccc(-n5c6ccccc6c6ccccc65)cc4)s3)nc3c4ccccc4c4ccccc4c32)c2ccccc12,ClCCl,0.1914681314695742
c1cc2c3c(c1)-c1ccc4c5c(ccc(c15)B3c1ccc3c5c(ccc-2c15)CC3)CC4,Cc1ccccc1,0.4154060251843563
CC(C)(C)c1ccc(-c2nc3c4ccc(-c5cc6ccccc6c6ccccc56)cc4c4cc(-c5cc6ccccc6c6ccccc56)ccc4c3n2-c2ccc(C(C)(C)C)cc2)cc1,ClCCl,0.5070376065366726
c1ccc2c(c1)cc(-c1cc(-c3nccs3)nc(-c3nccs3)c1)c1ccccc12,ClC(Cl)Cl,0.43602056648100634
c1ccc2c(c1)cc(-c1cc(-c3nccs3)nc(-c3nccs3)c1)c1ccccc12,CC#N,0.6870665170070605
c1ccc2c(c1)cc(-c1cc(-c3nccs3)nc(-c3nccs3)c1)c1ccccc12,CO,0.5019616071995373
c1ccc2c(c1)cc(-c1cc(-c3nccs3)nc(-c3nccs3)c1)c1ccccc12,CCCCCC,0.5605910921467713
Cc1ccc(-c2cc(-c3ccccc3)c(C#N)c(=S)[nH]2)cc1,CCO,0.6924640209178774
Cc1ccc(-c2cc(-c3ccccc3)c(C#N)c(=S)[nH]2)cc1,CC#N,0.719161878264873
Cc1ccc(-c2cc(-c3ccccc3)c(C#N)c(=S)[nH]2)cc1,ClC(Cl)(Cl)Cl,0.4547056439723825
Cc1cc(C)c(B(c2ccccc2-n2c3ccccc3c3ccccc32)c2c(C)cc(C)cc2C)c(C)c1,Cc1ccccc1,1.1561963216126792
COc1ccc(C2=C(c3ccc(OC)cc3)[Si](c3ccccc3)(c3ccccc3)c3ccccc32)cc1,C1CCOC1,0.7673654386595788
c1ccc(C2=C(c3ccccc3)[Si](c3ccccc3)(c3ccccc3)c3ccccc32)cc1,C1CCOC1,0.9032596345880487
Fc1ccc(C2=C(c3ccc(F)cc3)[Si](c3ccccc3)(c3ccccc3)c3ccccc32)cc1,C1CCOC1,0.9134599987741849
CC(C)(C)c1ccc(C2=C(c3ccc(C(C)(C)C)cc3)[Si](c3ccccc3)(c3ccccc3)c3ccccc32)cc1,C1CCOC1,0.9374063685047551
O=S(=O)(c1ccc(N2c3ccccc3Oc3ccccc32)cc1)c1ccc(N2c3ccccc3Oc3ccccc32)cc1,Cc1ccccc1,0.9821465714774618
O=S(=O)(c1ccc(N2c3ccccc3Oc3ccccc32)cc1)c1ccc(N2c3ccccc3Oc3ccccc32)cc1,c1cc(-n2c3ccccc3c3ccccc32)cc(-n2c3ccccc3c3ccccc32)c1,1.3383530870919673
O=S(=O)(c1ccc(N2c3ccccc3Oc3ccccc32)cc1)c1ccc(N2c3ccccc3Oc3ccccc32)cc1,C1COCCO1,1.0968213707457881
O=S(=O)(c1ccc(N2c3ccccc3Oc3ccccc32)cc1)c1ccc(N2c3ccccc3Oc3ccccc32)cc1,ClC(Cl)Cl,0.9629009275602665
O=S(=O)(c1ccc(N2c3ccccc3Oc3ccccc32)cc1)c1ccc(N2c3ccccc3Oc3ccccc32)cc1,CC(C)=O,0.8356267892146303
Cc1cc(C)c2c(c1)c1cc(C)cc(C)c1n2-c1ccc2c(c1)Sc1cc3c(cc1B2c1c(C(C)C)cc(C(C)C)cc1C(C)C)B(c1c(C(C)C)cc(C(C)C)cc1C(C)C)c1ccccc1S3,Cc1ccccc1,1.1833401616862977
Cc1cc(C)c2c(c1)c1cc(C)cc(C)c1n2-c1ccc2c(c1)Sc1cc3c(cc1B2c1c(C(C)C)cc(C(C)C)cc1C(C)C)B(c1c(C(C)C)cc(C(C)C)cc1C(C)C)c1ccccc1S3,O=P(c1ccccc1)(c1ccccc1)c1ccc2oc3ccc(P(=O)(c4ccccc4)c4ccccc4)cc3c2c1,1.1559688084247577
CCCCN1c2ccccc2Sc2cc(/C=C/c3nc4nc5ccccc5nc4s3)ccc21,C1CCCCC1,0.1555281765245352
CCCCN1c2ccccc2Sc2cc(/C=C/c3nc4nc5ccccc5nc4s3)ccc21,Cc1ccccc1,0.24611954832600108
CCCCN1c2ccccc2Sc2cc(/C=C/c3nc4nc5ccccc5nc4s3)ccc21,CCOCC,0.17129628136435063
CCCCN1c2ccccc2Sc2cc(/C=C/c3nc4nc5ccccc5nc4s3)ccc21,C1CCOC1,0.38444689115248426
CCCCN1c2ccccc2Sc2cc(/C=C/c3nc4nc5ccccc5nc4s3)ccc21,ClCCl,0.3647972809806312
c1ccc(N2c3ccccc3B3c4ccccc4N(c4ccccc4)c4cccc2c43)cc1,ClCCl,0.9276474178220513
c1ccc(N2c3ccccc3B3c4ccccc4N(c4ccccc4)c4cccc2c43)cc1,CCO,0.6220902293724073
c1ccc(N2c3ccccc3B3c4ccccc4N(c4ccccc4)c4cccc2c43)cc1,c1cc(-c2cccc(-n3c4ccccc4c4ccccc43)c2)cc(-n2c3ccccc3c3ccccc32)c1,1.1882125841188242
c1ccc(N2c3ccccc3B3c4ccccc4N(c4ccccc4)c4cccc2c43)cc1,ClCCl,0.9276474178220513
c1ccc(N2c3ccccc3B3c4ccccc4N(c4ccccc4)c4cccc2c43)cc1,CCO,0.6220902293724073
c1ccc(N2c3ccccc3B3c4ccccc4N(c4ccccc4)c4cccc2c43)cc1,c1cc(-c2cccc(-n3c4ccccc4c4ccccc43)c2)cc(-n2c3ccccc3c3ccccc32)c1,1.1882125841188242
Cc1cccc(-c2c3ccccc3c(-c3cccc(C)n3)c3ccccc23)n1,ClCCl,0.5294306773752897
CC1(C)c2ccccc2N(c2ccc(S(=O)(=O)c3ccc(N4c5ccccc5C(C)(C)c5ccccc54)cc3)cc2)c2ccccc21,Cc1ccccc1,0.6907859405220655
CC1(C)c2ccccc2N(c2ccc(S(=O)(=O)c3ccc(N4c5ccccc5C(C)(C)c5ccccc54)cc3)cc2)c2ccccc21,c1cc(-n2c3ccccc3c3ccccc32)cc(-n2c3ccccc3c3ccccc32)c1,1.1108108533201626
CC1(C)c2ccccc2N(c2ccc(S(=O)(=O)c3ccc(N4c5ccccc5C(C)(C)c5ccccc54)cc3)cc2)c2ccccc21,C1COCCO1,0.7349181524189166
CC1(C)c2ccccc2N(c2ccc(S(=O)(=O)c3ccc(N4c5ccccc5C(C)(C)c5ccccc54)cc3)cc2)c2ccccc21,ClC(Cl)Cl,0.806786079947764
CC1(C)c2ccccc2N(c2ccc(S(=O)(=O)c3ccc(N4c5ccccc5C(C)(C)c5ccccc54)cc3)cc2)c2ccccc21,CC(C)=O,0.5952270836943867
CN(C)c1ccc2cc3c(cc2c1)OCCN=C3,CS(C)=O,0.7423596158505876
N#Cc1cc(N2c3ccccc3Oc3ccccc32)cc(N2c3ccccc3Oc3ccccc32)c1,Cc1ccccc1,1.4814858805262117
O=S(=O)(c1ccc(N2c3ccccc3[Si](c3ccccc3)(c3ccccc3)c3ccccc32)cc1)c1ccc(N2c3ccccc3[Si](c3ccccc3)(c3ccccc3)c3ccccc32)cc1,c1cc(-n2c3ccccc3c3ccccc32)cc(-n2c3ccccc3c3ccccc32)c1,1.2822123120291093
CC1(C)c2ccccc2N(c2ccc(-c3n[n+]4c(o3)-c3ccccc3O[B-]4(F)F)cc2)c2ccccc21,ClCCl,0.654828486020989
c1ccc(-c2oc(-c3ccccc3)c3ccccc23)cc1,CCO,0.06448812975705592
c1ccc(-c2oc(-c3ccccc3)c3ccccc23)cc1,CN(C)C=O,0.2574568243513295
c1ccc(-c2oc(-c3ccccc3)c3ccccc23)cc1,CS(C)=O,-0.2056422597429059
Cc1ccc(-n2c3ccccc3c3cc(-c4ccc5[n+](c4)[B-](F)(F)n4c-5nc5c6ccccc6c6ccccc6c54)ccc32)cc1,ClC(Cl)Cl,0.3278711890819789
CCC1(CC)c2cc(-c3ccc(N(c4ccc(-c5ccc6c(c5)C(CC)(CC)c5cc(N7c8ccccc8C(C)(C)c8ccccc87)ccc5-6)cc4)c4ccc(-c5ccc6c(c5)C(CC)(CC)c5cc(N7c8ccccc8C(C)(C)c8ccccc87)ccc5-6)cc4)cc3)ccc2-c2ccc(N3c4ccccc4C(C)(C)c4ccccc43)cc21,ClC(Cl)Cl,0.465351592737063
CC(C)(C)c1ccc(-c2nnc(-c3c(-n4c5ccccc5c5ccccc54)c(-n4c5ccccc5c5ccccc54)c(-n4c5ccccc5c5ccccc54)c(-n4c5ccccc5c5ccccc54)c3-n3c4ccccc4c4ccccc43)o2)cc1,Cc1ccccc1,0.6151644435405925
CCN(CC)c1ccc2cc3c(cc2c1)C1(c2ccccc2Oc2ccccc21)c1cc2cc(N(CC)CC)ccc2cc1C3=O,CC#N,0.8285131343678894
c1ccc2cc3cc(-c4cc(-c5nccs5)nc(-c5nccs5)c4)ccc3cc2c1,CCCCCC,0.5780994169218496
c1ccc2cc3cc(-c4cc(-c5nccs5)nc(-c5nccs5)c4)ccc3cc2c1,ClC(Cl)Cl,0.32403635002268455
c1ccc2cc3cc(-c4cc(-c5nccs5)nc(-c5nccs5)c4)ccc3cc2c1,CC#N,0.6852426196172233
c1ccc2cc3cc(-c4cc(-c5nccs5)nc(-c5nccs5)c4)ccc3cc2c1,CO,0.5187047387656225
c1ccc(-c2nc(-c3ccc(-c4nc(-c5ccccc5)c(-c5ccccc5)o4)cc3)oc2-c2ccccc2)cc1,C1COCCO1,0.22970960982362687
Cc1cc(C)c2c(c1)c1cc(C)cc(C)c1n2-c1ccc2c(c1)Oc1ccccc1B2c1c(C(C)C)cc(C(C)C)cc1C(C)C,Cc1ccccc1,1.3721372029059917
CCCCC(CC)Cn1c2ccc(-n3c4ccccc4c4ccccc43)cc2c2cc(-n3c4ccccc4c4ccccc43)ccc21,C1CCOC1,0.670122396498879
c1ccc(-c2nn(-c3ccccc3)c3nc4ccc(N(c5ccccc5)c5ccccc5)cc4cc23)cc1,C1CCCCC1,0.982332715184046
c1ccc(-c2nn(-c3ccccc3)c3nc4ccc(N(c5ccccc5)c5ccccc5)cc4cc23)cc1,CCCCOCCCC,0.9704020752849023
c1ccc(-c2nn(-c3ccccc3)c3nc4ccc(N(c5ccccc5)c5ccccc5)cc4cc23)cc1,CCCCCl,0.989396999669008
c1ccc(-c2nn(-c3ccccc3)c3nc4ccc(N(c5ccccc5)c5ccccc5)cc4cc23)cc1,C1CCOC1,1.1424174404125904
c1ccc(-c2nn(-c3ccccc3)c3nc4ccc(N(c5ccccc5)c5ccccc5)cc4cc23)cc1,CC(C)=O,1.0254223858161116
c1ccc(-c2nn(-c3ccccc3)c3nc4ccc(N(c5ccccc5)c5ccccc5)cc4cc23)cc1,CC#N,1.0859449511217432
c1ccc(-c2nn(-c3ccccc3)c3nc4ccc(N(c5ccccc5)c5ccccc5)cc4cc23)cc1,CN(C)C=O,1.1318461918112777
CN(C)c1ccc2c(c1)Cc1ccccc1-2,CCCCCC,0.0003455262806763004
CN(C)c1ccc2c(c1)Cc1ccccc1-2,CCOCC,0.21622397416333672
CN(C)c1ccc2c(c1)Cc1ccccc1-2,C1COCCO1,0.25685365845100117
CN(C)c1ccc2c(c1)Cc1ccccc1-2,C1CCOC1,0.33051331869274336
CN(C)c1ccc2c(c1)Cc1ccccc1-2,CCOC(C)=O,0.19031553070013166
CN(C)c1ccc2c(c1)Cc1ccccc1-2,CC(=O)N(C)C,0.20797601439934862
CN(C)c1ccc2c(c1)Cc1ccccc1-2,CS(C)=O,0.2373584325666561
CN(C)c1ccc2c(c1)Cc1ccccc1-2,CCCCCO,0.16008289574956164
CN(C)c1ccc2c(c1)Cc1ccccc1-2,OC1CCCCC1,0.3562186544972896
CN(C)c1ccc2c(c1)Cc1ccccc1-2,CCCO,0.17758565593125203
CN(C)c1ccc2c(c1)Cc1ccccc1-2,CCCCO,0.16062026293999987
CN(C)c1ccc2c(c1)Cc1ccccc1-2,CCO,0.17748496238616446
CN(C)c1ccc2c(c1)Cc1ccccc1-2,CCCCCCO,0.14911152728842408
CN(C)c1ccc2c(c1)Cc1ccccc1-2,CO,0.06975888986276818
CN(C)c1ccc2c(c1)Cc1ccccc1-2,O,0.011729565745838777
Nc1ccc2c(c1)Cc1ccccc1-2,C1CCCCC1,0.20904790486537603
Nc1ccc2c(c1)Cc1ccccc1-2,CC#N,0.07859292359884201
Nc1ccc2c(c1)Cc1ccccc1-2,CO,0.031282807493103804
Nc1ccc2c(c1)Cc1ccccc1-2,O,-0.02218639396058608
O=C(c1ccccc1)c1cc2ccc1CCc1ccc(cc1-c1ccc(N(c3ccccc3)c3ccccc3)cc1)CC2,c1cc(-n2c3ccccc3c3ccccc32)cc(-n2c3ccccc3c3ccccc32)c1,0.538358484463652
Cc1ccc2nc3c(nc2c1)c(-c1ccccc1)nn3C,C1CCCCC1,0.6640798737408724
Cc1ccc2nc3c(nc2c1)c(-c1ccccc1)nn3C,C1CCOC1,0.7557974547819819
Cc1ccc2nc3c(nc2c1)c(-c1ccccc1)nn3C,CC#N,0.835208468299772
COc1ccc2nc3c(nc2c1)c(-c1ccccc1)nn3C,C1CCCCC1,0.5607386628882869
COc1ccc2nc3c(nc2c1)c(-c1ccccc1)nn3C,C1CCOC1,0.6635320788626544
COc1ccc2nc3c(nc2c1)c(-c1ccccc1)nn3C,CC#N,0.7713727421950338
Cn1nc(-c2ccccc2)c2nc3cc(F)ccc3nc21,C1CCCCC1,0.6327298267272583
Cn1nc(-c2ccccc2)c2nc3cc(F)ccc3nc21,C1CCOC1,0.7270037269884213
Cn1nc(-c2ccccc2)c2nc3cc(F)ccc3nc21,CC#N,0.8240076907074803
Cn1nc(-c2ccccc2)c2nc3cc(Cl)ccc3nc21,C1CCCCC1,0.45543492327669055
Cn1nc(-c2ccccc2)c2nc3cc(Cl)ccc3nc21,C1CCOC1,0.5592488875743447
Cn1nc(-c2ccccc2)c2nc3cc(Cl)ccc3nc21,CC#N,0.6776108224444235
Cc1cc(=O)oc2cc(/[NH+]=C/C=C3/C=C(C(=O)O)NC(C(=O)O)C3)ccc12,O,-0.03476245085499846
O=C(O)C1=C/C(=C/C=[NH+]/c2ccc3c(C(F)(F)F)cc(=O)oc3c2)CC(C(=O)O)N1,O,0.108840233150033
O=S(=O)(c1ccc(-c2ccc3c(c2)c2ccccc2n3-c2ccccc2)cc1)c1ccc(-c2ccc3c(c2)c2ccccc2n3-c2ccccc2)cc1,Cc1ccccc1,0.42761811341277434
COc1ccc(C2=CC(c3ccc4cc(N(C)C)ccc4c3)=[O+][B-](F)(F)O2)cc1,Cc1ccccc1,0.24100177187973368
COc1ccc(C2=CC(c3ccc4cc(N(C)C)ccc4c3)=[O+][B-](F)(F)O2)cc1,ClCCl,0.3873184725531256
COc1ccc(C2=CC(c3ccc4cc(N(C)C)ccc4c3)=[O+][B-](F)(F)O2)cc1,ClC(Cl)Cl,0.26228078647482866
COc1ccc(C2=CC(c3ccc4cc(N(C)C)ccc4c3)=[O+][B-](F)(F)O2)cc1,C1CCOC1,0.31863430532782544
COc1ccc(C2=CC(c3ccc4cc(N(C)C)ccc4c3)=[O+][B-](F)(F)O2)cc1,CC(C)=O,0.2342168167112423
COc1ccc(C2=CC(c3ccc4cc(N(C)C)ccc4c3)=[O+][B-](F)(F)O2)cc1,CC#N,0.24381495348895046
COc1ccc(C2=CC(c3ccc4cc(N(C)C)ccc4c3)=[O+][B-](F)(F)O2)cc1,CS(C)=O,0.32202013763104054
CN(C)c1ccc2cc(C3=[O+][B-](F)(F)OC(c4ccccc4)=C3)ccc2c1,Cc1ccccc1,0.2004370236477885
CN(C)c1ccc2cc(C3=[O+][B-](F)(F)OC(c4ccccc4)=C3)ccc2c1,ClCCl,0.29215417810167066
CN(C)c1ccc2cc(C3=[O+][B-](F)(F)OC(c4ccccc4)=C3)ccc2c1,ClC(Cl)Cl,0.08464534318052319
CN(C)c1ccc2cc(C3=[O+][B-](F)(F)OC(c4ccccc4)=C3)ccc2c1,C1CCOC1,0.26267059240346746
CN(C)c1ccc2cc(C3=[O+][B-](F)(F)OC(c4ccccc4)=C3)ccc2c1,CC(C)=O,0.12411531691162253
CN(C)c1ccc2cc(C3=[O+][B-](F)(F)OC(c4ccccc4)=C3)ccc2c1,CC#N,0.14521333528600977
CN(C)c1ccc2cc(C3=[O+][B-](F)(F)OC(c4ccccc4)=C3)ccc2c1,CS(C)=O,0.20736116000899082
CN(C)c1ccc2cc(C3=[O+][B-](F)(F)OC(c4ccc(C#N)cc4)=C3)ccc2c1,Cc1ccccc1,0.33877124637827727
CN(C)c1ccc2cc(C3=[O+][B-](F)(F)OC(c4ccc(C#N)cc4)=C3)ccc2c1,ClCCl,0.3607453659009113
CN(C)c1ccc2cc(C3=[O+][B-](F)(F)OC(c4ccc(C#N)cc4)=C3)ccc2c1,ClC(Cl)Cl,0.2878238816770965
CN(C)c1ccc2cc(C3=[O+][B-](F)(F)OC(c4ccc(C#N)cc4)=C3)ccc2c1,C1CCOC1,0.4006683800073173
CN(C)c1ccc2cc(C3=[O+][B-](F)(F)OC(c4ccc(C#N)cc4)=C3)ccc2c1,CC(C)=O,0.2701378217036706
CN(C)c1ccc2cc(C3=[O+][B-](F)(F)OC(c4ccc(C#N)cc4)=C3)ccc2c1,CC#N,0.2959485387729473
CN(C)c1ccc2cc(C3=[O+][B-](F)(F)OC(c4ccc(C#N)cc4)=C3)ccc2c1,CS(C)=O,0.27114203647600754
CC(=O)[B-]1(C(C)=O)OC(c2ccccc2)=CC(c2ccc3ccccc3c2)=[O+]1,ClC(Cl)(Cl)Cl,0.1462285560088124
COc1ccc(C2=CC(c3ccc4ccccc4c3)=[O+][B-](C(C)=O)(C(C)=O)O2)cc1,ClC(Cl)(Cl)Cl,0.2991248409098029
CC(=O)[B-]1(C(C)=O)OC(c2ccccc2)=CC(c2ccc3ccccc3c2)=[O+]1,CC#N,0.7572012111514574
COc1ccc(C2=CC(c3ccc4ccccc4c3)=[O+][B-](C(C)=O)(C(C)=O)O2)cc1,CC#N,0.7726981202712704
Cc1cccc(-c2c3ccccc3cc3ccccc23)n1,ClCCl,0.5583095709388624
C/C(=N\Nc1ccc(C#N)cc1)c1cccc(/C(C)=N/Nc2ccc(C#N)cc2)c1,CO,0.2937518894638492
CCCn1c2cccc3oc4cccc5oc6cccc1c6[c+](c45)c32,ClCCl,0.8460060925230668
CCCn1c2cccc3oc4cccc5oc6cccc1c6[c+](c45)c32,CC#N,0.9023439319255293
CCCn1c2cccc3oc4cccc5oc6cccc1c6[c+](c45)c32,CO,0.9661881139370854
CCCn1c2cccc3oc4cccc5oc6cccc1c6[c+](c45)c32,OCC(O)CO,1.0316921184111223
[O-]c1c(-c2nc3ccccc3s2)cc2ccc3cccc4ccc1c2c34,CC#N,0.7400466409444486
[O-]c1c(-c2nc3ccccc3s2)cc2ccc3cccc4ccc1c2c34,CS(C)=O,0.7217864893601675
CCN(CC)c1ccc2c(c1)oc(=O)c1c(C)nc3c(c(-c4ccccc4)nn3-c3ccccc3)c12,ClCCl,0.7992768555049569
CCCCCCCc1cc2c(o1)=CC1=C3c4cc5oc(CCCCCCC)cc5n4[B-](F)(F)[n+]4nnn(c43)[B-](F)(F)[N+]=21,ClCCl,0.26824688376112593
CCCCCCCc1cc2c(o1)=CC1=C3c4cc5oc(CCCCCCC)cc5n4[B-](F)(F)[n+]4nnn(c43)[B-](F)(F)[N+]=21,C1CCOC1,0.16296469154436907
O=P1(c2ccccc2)C(c2ccc(N(c3ccccc3)c3ccccc3)cc2)=Cc2cc3ccccc3cc21,ClCCl,0.6186429874678857
COc1ccc(/N=N/c2c(O)c3ccccc3n(C)c2=O)c(S(=O)(=O)O)c1,CS(C)=O,-1.1126834193603092
Cn1c(=O)c(/N=N/c2cc(S(=O)(=O)O)ccc2S(=O)(=O)O)c(O)c2ccccc21,CS(C)=O,-1.3394291294612006
CC(=O)Nc1ccc(S(=O)(=O)O)c(/N=N/c2c(O)c3ccccc3n(C)c2=O)c1,CS(C)=O,-0.7657992187020215
Cn1c(=O)c(/N=N/c2cc(S(=O)(=O)O)ccc2C(=O)O)c(O)c2ccccc21,CS(C)=O,-1.0291571093805307
C(=C/c1nc(-c2ccccc2)c2ccccn12)\c1nc(-c2ccccc2)c2ccccn12,CC#N,0.21045422075821568
c1ccc(-c2ccc3c(c2)c2cc(-c4ccccc4)ccc2n3-c2ccc3c(c2)c2cc(-n4c5ccc(-c6ccccc6)cc5c5cc(-c6ccccc6)ccc54)ccc2n3-c2ccc(-c3nc(-c4ccccc4)nc(-c4ccccc4)n3)cc2)cc1,Cc1ccccc1,0.5314169243841412
O=C1NC(=O)c2ccc3c4ccc5c6c(ccc(c7ccc1c2c73)c64)C(=O)N(c1ccc(O)cc1)C5=O,CN(C)C=O,0.5062321624528497
NCCCCCCCCCCCCN1C(=O)c2ccc3c4ccc5c6c(ccc(c7ccc(c2c37)C1=O)c64)C(=O)N(c1ccc(O)cc1)C5=O,CN(C)C=O,0.30451368036004645
Nc1ccc(N2C(=O)c3ccc4c5ccc6c7c(ccc(c8ccc(c3c48)C2=O)c75)C(=O)NC6=O)cc1,CN(C)C=O,0.5081955728254637
O=C1NC(=O)c2ccc3c4ccc5c6c(ccc(c7ccc1c2c73)c64)C(=O)N(c1ccc(Cl)cc1)C5=O,CN(C)C=O,0.5048024695799512
CN(C)c1ccc(C=C2Cc3ccccc3C2=O)cc1,CCOC(C)=O,0.40417857670688007
CN(C)c1ccc(C=C2Cc3ccccc3C2=O)cc1,CC#N,0.30218431502466087
Cc1nc(-c2ccc(-n3c4ccccc4c4ccccc43)cc2)cc(-c2ccc(-n3c4ccccc4c4ccccc43)cc2)n1,CN(C)C=O,0.6314882872607709
CSc1nc(-c2ccc(-n3c4ccccc4c4ccccc43)cc2)cc(-c2ccc(-n3c4ccccc4c4ccccc43)cc2)n1,CN(C)C=O,0.654339636017875
Cc1nc(-c2ccc(-n3c4ccccc4c4ccccc43)cc2)cc(-c2ccc(-n3c4ccccc4c4ccccc43)cc2)n1,Cc1ccccc1,0.4236575176238209
CSc1nc(-c2ccc(-n3c4ccccc4c4ccccc43)cc2)cc(-c2ccc(-n3c4ccccc4c4ccccc43)cc2)n1,Cc1ccccc1,0.45928593473175966
Cc1nc(-c2ccc(-n3c4ccccc4c4ccccc43)cc2)cc(-c2ccc(-n3c4ccccc4c4ccccc43)cc2)n1,ClC(Cl)Cl,0.34639273909960744
CSc1nc(-c2ccc(-n3c4ccccc4c4ccccc43)cc2)cc(-c2ccc(-n3c4ccccc4c4ccccc43)cc2)n1,ClC(Cl)Cl,0.38320649399179446
Cc1nc(-c2ccc(-n3c4ccccc4c4ccccc43)cc2)cc(-c2ccc(-n3c4ccccc4c4ccccc43)cc2)n1,C1CCOC1,0.48119971112115556
CSc1nc(-c2ccc(-n3c4ccccc4c4ccccc43)cc2)cc(-c2ccc(-n3c4ccccc4c4ccccc43)cc2)n1,C1CCOC1,0.511747755187914
O=C1c2ccc3c4c(Oc5ccccc5)cc5c6c(ccc(c7c(Oc8ccccc8)cc(c2c37)C(=O)N1c1ccc(O)cc1)c64)C(=O)N(c1ccc(O)cc1)C5=O,CN(C)C=O,0.545315439602212
O=C1c2ccc3c4c(Oc5ccccc5)cc5c6c(ccc(c7c(Oc8ccccc8)cc(c2c37)C(=O)N1c1ccc(O)cc1)c64)C(=O)N(c1ccc(O)cc1)C5=O,CN1CCCC1=O,0.27648203642857727
O=C1c2ccc3c4c(Oc5ccccc5)cc5c6c(ccc(c7c(Oc8ccccc8)cc(c2c37)C(=O)N1c1ccc(O)cc1)c64)C(=O)N(c1ccc(O)cc1)C5=O,C1CCOC1,0.4690939097666026
c1ccc([B-]23Oc4ccccc4-c4c5[n+]6c(c([n+]42)-c2ccccc2O3)-c2ccccc2O[B-]6(c2ccccc2)Oc2ccccc2-5)cc1,ClCCl,0.6109188768190869
FC(F)(F)c1ccc(-c2nnc(-c3cc(-c4nnc(-c5ccc(C(F)(F)F)cc5)o4)c(-n4c5ccccc5c5ccccc54)cc3-n3c4ccccc4c4ccccc43)o2)cc1,O=P(c1ccccc1)(c1ccccc1)c1ccccc1Oc1ccccc1P(=O)(c1ccccc1)c1ccccc1,0.8611842935854666
COc1ccc(-c2nnc(-c3cc(-c4nnc(-c5ccc(OC)cc5)o4)c(-n4c5ccccc5c5ccccc54)cc3-n3c4ccccc4c4ccccc43)o2)cc1,O=P(c1ccccc1)(c1ccccc1)c1ccccc1Oc1ccccc1P(=O)(c1ccccc1)c1ccccc1,0.9175000262898361
c1ccc(-c2nnc(-c3cc(-c4nnc(-c5ccccc5)o4)c(-n4c5ccccc5c5ccccc54)cc3-n3c4ccccc4c4ccccc43)o2)cc1,Cc1ccccc1,0.6252170568706061
FC(F)(F)c1ccc(-c2nnc(-c3cc(-c4nnc(-c5ccc(C(F)(F)F)cc5)o4)c(-n4c5ccccc5c5ccccc54)cc3-n3c4ccccc4c4ccccc43)o2)cc1,Cc1ccccc1,0.5797363743089446
COc1ccc(-c2nnc(-c3cc(-c4nnc(-c5ccc(OC)cc5)o4)c(-n4c5ccccc5c5ccccc54)cc3-n3c4ccccc4c4ccccc43)o2)cc1,Cc1ccccc1,0.6607057014885382
c1ccc(-c2nnc(-c3cc(-c4nnc(-c5ccccc5)o4)c(-n4c5ccccc5c5ccccc54)cc3-n3c4ccccc4c4ccccc43)o2)cc1,O=P(c1ccccc1)(c1ccccc1)c1ccccc1Oc1ccccc1P(=O)(c1ccccc1)c1ccccc1,0.8470463207371085
c1ccc2cc3cnccc3cc2c1,CCO,0.821663546494596
Cc1cc2cc3ccccc3cc2cn1,CCO,1.0688587865465693
Cc1ccc2cc3cc(C)ncc3cc2c1,CCO,1.2993466335623933
Cc1cc2cc3cc(C)c(C)cc3cc2cn1,CCO,1.419668196398337
Cc1cc(C)c2cc3cc(C)ncc3cc2c1,CCO,1.469450887911541
CC(=O)c1ccc(-c2cnc3nn4ccccc4c3c2)cc1,C1CCOC1,0.5699123643342112
c1ccc(-c2cnc3nn4ccccc4c3c2)cc1,C1CCOC1,0.7936684279095044
Cc1ccc(-c2cnc3nn4ccccc4c3c2)cc1,C1CCOC1,0.865347860762159
COc1ccc(-c2cnc3nn4ccccc4c3c2)cc1,C1CCOC1,0.7864494723756206
Cc1cc(C)c(B(c2c(C)cc(C)cc2C)c2cc3ccc4ccccc4c3c3c2ccc2ccccc23)c(C)c1,C1CCCCC1,0.9785355200776367
Cc1cc(C)c(B(c2c(C)cc(C)cc2C)c2cc3cc(N(C)C)c4ccccc4c3c3c2ccc2ccccc23)c(C)c1,C1CCCCC1,0.8495198441161909
Cc1cc(C)c(B(c2c(C)cc(C)cc2C)c2cc3ccc4ccccc4c3c3c2cc(N(C)C)c2ccccc23)c(C)c1,C1CCCCC1,0.8492786042992648
c1ccc2c(-n3c(-c4ccc(-c5ccc(-c6nc7c8ccccc8c8ccccc8c7n6-c6cccc7ccccc67)c6ccccc56)c5ccccc45)nc4c5ccccc5c5ccccc5c43)cccc2c1,ClCCl,0.3247260562518685
N#Cc1ccc(-n2c(-c3ccc(-c4ccc(-c5nc6c7ccccc7c7ccccc7c6n5-c5ccc(C#N)c6ccccc56)c5ccccc45)c4ccccc34)nc3c4ccccc4c4ccccc4c32)c2ccccc12,ClCCl,0.3692744276882925
Cc1cc(-c2cccc3ccccc23)cc(C)[o+]1,ClCCl,0.7393146551811758
CC1=[N+]2C(=C(NCc3ccccc3)c3ccc(C)n3[B-]2(F)F)C=C1c1cc2n(c1)[B-](F)(F)[N+]1=CC=CC1=C2c1c(C)cc(C)cc1C,C1CCCCC1,0.3205031934505741
CC1=[N+]2C(=C(NCc3ccccc3)c3ccc(C)n3[B-]2(F)F)C=C1c1cc2n(c1)[B-](F)(F)[N+]1=CC=CC1=C2c1c(C)cc(C)cc1C,CCOC(C)=O,0.030291267101277386
CC1=[N+]2C(=C(NC(C)c3ccccc3)c3ccc(C)n3[B-]2(F)F)C=C1c1cc2n(c1)[B-](F)(F)[N+]1=CC=CC1=C2c1c(C)cc(C)cc1C,C1CCCCC1,0.35457174814808107
CC1=[N+]2C(=C(NC(C)c3ccccc3)c3ccc(C)n3[B-]2(F)F)C=C1c1cc2n(c1)[B-](F)(F)[N+]1=CC=CC1=C2c1c(C)cc(C)cc1C,CCOC(C)=O,0.0675488646741636
COc1ccc(N2c3cc(OC)ccc3N=c3cc4c(cc32)=Nc2cc(C(C)(C)C)cc(C(C)(C)C)c2O4)cc1,CCCCCC,0.5535573513072878
COc1ccc2c(c1)N(c1ccc(C)cc1)c1cc3c(cc1=N2)Oc1c(cc(C(C)(C)C)cc1C(C)(C)C)N=3,CCCCCC,0.6395010742261774
Cc1ccc2c(c1)C1(c3ccccc3-c3ccccc31)c1cc(C)ccc1N2c1ccc(-c2nc(-c3ccccc3)cc(-c3ccccc3)n2)cc1,O=P(c1ccccc1)(c1ccccc1)c1ccc2oc3ccc(P(=O)(c4ccccc4)c4ccccc4)cc3c2c1,0.9395636485526266
C(=C/c1ccc(N(c2ccc(/C=C/c3ccc(N(c4ccccc4)c4ccccc4)cc3)cc2)c2ccc(/C=C/c3ccc(/C=C/c4ccc(N(c5ccc(/C=C/c6ccc(N(c7ccccc7)c7ccccc7)cc6)cc5)c5ccc(/C=C/c6ccc(N(c7ccccc7)c7ccccc7)cc6)cc5)cc4)c4nsnc34)cc2)cc1)\c1ccc(N(c2ccccc2)c2ccccc2)cc1,Cc1ccccc1,0.23468727606499928
C(=C/c1ccc(N(c2ccc(/C=C/c3ccc(N(c4ccccc4)c4ccccc4)cc3)cc2)c2ccc(/C=C/c3ccc(/C=C/c4ccc(N(c5ccc(/C=C/c6ccc(N(c7ccccc7)c7ccccc7)cc6)cc5)c5ccc(/C=C/c6ccc(N(c7ccccc7)c7ccccc7)cc6)cc5)cc4)c4nsnc34)cc2)cc1)\c1ccc(N(c2ccccc2)c2ccccc2)cc1,CCOC(C)=O,0.2317291495956442
C(=C/c1ccc(N(c2ccc(/C=C/c3ccc(N(c4ccccc4)c4ccccc4)cc3)cc2)c2ccc(/C=C/c3ccc(/C=C/c4ccc(N(c5ccc(/C=C/c6ccc(N(c7ccccc7)c7ccccc7)cc6)cc5)c5ccc(/C=C/c6ccc(N(c7ccccc7)c7ccccc7)cc6)cc5)cc4)c4nsnc34)cc2)cc1)\c1ccc(N(c2ccccc2)c2ccccc2)cc1,C1CCOC1,0.353604248316445
C(=C/c1ccc(N(c2ccc(/C=C/c3ccc(N(c4ccccc4)c4ccccc4)cc3)cc2)c2ccc(/C=C/c3ccc(/C=C/c4ccc(N(c5ccc(/C=C/c6ccc(N(c7ccccc7)c7ccccc7)cc6)cc5)c5ccc(/C=C/c6ccc(N(c7ccccc7)c7ccccc7)cc6)cc5)cc4)c4nsnc34)cc2)cc1)\c1ccc(N(c2ccccc2)c2ccccc2)cc1,ClC(Cl)Cl,0.4314417071587699
C(=C/c1ccc(N(c2ccc(/C=C/c3ccc(N(c4ccccc4)c4ccccc4)cc3)cc2)c2ccc(/C=C/c3ccc(/C=C/c4ccc(N(c5ccc(/C=C/c6ccc(N(c7ccccc7)c7ccccc7)cc6)cc5)c5ccc(/C=C/c6ccc(N(c7ccccc7)c7ccccc7)cc6)cc5)cc4)c4nsnc34)cc2)cc1)\c1ccc(N(c2ccccc2)c2ccccc2)cc1,ClCCl,0.22536444920410847
O=S1c2ccc(-c3c4ccccc4cc4ccccc34)cc2-c2cc(-c3c4ccccc4cc4ccccc34)ccc21,CC#N,0.631603920838532
O=S1c2ccc(-c3c4ccccc4cc4ccccc34)cc2-c2cc(-c3c4ccccc4cc4ccccc34)ccc21,ClCCl,0.5160875976866648
O=S1c2ccc(-c3c4ccccc4cc4ccccc34)cc2-c2cc(-c3c4ccccc4cc4ccccc34)ccc21,C1CCCCC1,0.6478256869750627
COc1ccc(N(c2ccc(OC)cc2)c2ccc3c4cccc5c(N(c6ccc(OC)cc6)c6ccc(OC)cc6)ccc(c6cccc2c63)c54)cc1,ClCCl,0.28785945905185767
N#Cc1ccc(N(c2ccc(C#N)cc2)c2ccc3c4cccc5c(N(c6ccc(C#N)cc6)c6ccc(C#N)cc6)ccc(c6cccc2c63)c54)cc1,ClCCl,0.31045537685693914
Fc1ccc(N(c2ccc(F)cc2)c2ccc3c4cccc5c(N(c6ccc(F)cc6)c6ccc(F)cc6)ccc(c6cccc2c63)c54)cc1,ClCCl,0.48308120252654346
c1ccc(N(c2ccccc2)c2ccc3c4cccc5c(N(c6ccccc6)c6ccccc6)ccc(c6cccc2c63)c54)cc1,ClCCl,0.555451682988219
Cc1ccc(N(c2ccc(C)cc2)c2ccc3c4cccc5c(N(c6ccc(C)cc6)c6ccc(C)cc6)ccc(c6cccc2c63)c54)cc1,ClCCl,0.4453826322570265
[O-][n+]1c(/C=C/c2ccccc2)nc(N2CCOCC2)c2c1CCCC2,ClCCl,1.0464860496991226
Cc1cccc(C)c1/C=C/c1nc(N2CCOCC2)c2c([n+]1[O-])CCCC2,ClCCl,0.8188740452163554
COc1ccc(/C=C/c2nc(N3CCOCC3)c3c([n+]2[O-])CCCC3)cc1,ClCCl,0.9611670116362523
CCOc1ccc(/C=C/c2nc(N3CCOCC3)c3c([n+]2[O-])CCCC3)cc1,ClCCl,0.9870536138334167
COc1cc(/C=C/c2nc(N3CCOCC3)c3c([n+]2[O-])CCCC3)cc(OC)c1OC,ClCCl,0.9274244928167528
C[Si](C)(C)c1ccc(-c2ccc(-c3ccc(-c4ccc(-c5ccc([Si](C)(C)C)cc5)cc4)c4nsnc34)cc2)cc1,C1CCOC1,0.7270495140174904
O=C1c2ccc(-c3ccc(N(c4ccc(-c5ccccc5)cc4)c4ccc(-c5ccccc5)cc4)cc3)cc2C(=O)c2ccc(-c3ccc(N(c4ccc(-c5ccccc5)cc4)c4ccc(-c5ccccc5)cc4)cc3)cc21,Cc1ccccc1,0.29200752689262294
O=C1c2ccc(-c3ccc(N(c4ccc(-c5ccccc5)cc4)c4ccc(-c5ccccc5)cc4)cc3)cc2C(=O)c2ccc(-c3ccc(N(c4ccc(-c5ccccc5)cc4)c4ccc(-c5ccccc5)cc4)cc3)cc21,c1ccc2c(c1)c1ccccc1n2-c1ccc(-c2ccc(-n3c4ccccc4c4ccccc43)cc2)cc1,0.5072266889552677
Fc1nc(F)c(F)c(C#Cc2ccccc2C#Cc2c(F)c(F)nc(F)c2F)c1F,CC#N,-0.24208509467098066
N#Cc1cc(C#Cc2c(F)c(F)nc(F)c2F)c(C#Cc2c(F)c(F)nc(F)c2F)cc1C#N,CC#N,0.33522041013552206
c1ccc(-c2cc(-c3ccccc3)cc(-c3ccc4c(c3)C3(c5ccccc5-4)c4ccccc4-c4c3c3c5ccccc5c(-c5cc(-c6ccccc6)cc(-c6ccccc6)c5)cc3c3ccccc43)c2)cc1,Cc1ccccc1,0.7263143620290192
CC1(C)c2ccccc2N(c2ccc(C(=O)c3cc(C(=O)c4ccc(N5c6ccccc6C(C)(C)c6ccccc65)cc4)cc(C(=O)c4ccc(N5c6ccccc6C(C)(C)c6ccccc65)cc4)c3)cc2)c2ccccc21,Cc1ccccc1,0.6058829292827419
CC1(C)c2ccccc2N(c2ccc(C(=O)c3cc(C(=O)c4ccc(N5c6ccccc6C(C)(C)c6ccccc65)cc4)cc(C(=O)c4ccc(N5c6ccccc6C(C)(C)c6ccccc65)cc4)c3)cc2)c2ccccc21,c1ccc2c(c1)c1ccccc1n2-c1ccc(-c2ccc(-n3c4ccccc4c4ccccc43)cc2)cc1,1.109647047526215
CCN(CC)c1ccc2cc(C#N)/c(=N\C(=O)c3ccccc3)oc2c1,ClCCl,0.34778590662612846
CCN(CC)c1ccc2cc(C#N)/c(=N\C(=O)c3ccc(C)cc3)oc2c1,ClCCl,0.4022276357159146
CCN(CC)c1ccc2cc(C#N)/c(=N\C(=O)c3ccc(F)cc3)oc2c1,ClCCl,0.42190018324598955
CCN(CC)c1ccc2cc(C#N)/c(=N\C(=O)c3ccc(C)cc3)oc2c1,CCO,0.05227021653929659
CCN(CC)c1ccc2cc(C#N)/c(=N\C(=O)c3ccc(F)cc3)oc2c1,CCO,0.07277108863311926
c1cc2cc(c1)c1ccc3ccc4ccc(cc4c3c1)c1ccc3ccc4ccc(cc4c3c1)c1cccc2c1,Cc1ccccc1,0.847830103669498
CC(C)c1cccc(C(C)C)c1N1C(=O)c2cccc3c(Oc4ccc(C(C)(C)c5ccccc5)cc4)ccc(c23)C1=O,ClCCl,0.6585725567980187
CCCCCCOc1ccc(C#Cc2ccc(C#CC#Cc3ccc(C#Cc4ccc(OCCCCCC)c(OCCCCCC)c4)c4nsnc34)c3nsnc23)cc1OCCCCCC,Cc1ccccc1,0.8855931217893518
CCCCCCOc1ccc(C#Cc2ccc(C#CC#Cc3ccc(C#Cc4ccc(OCCCCCC)c(OCCCCCC)c4)c4nsnc34)c3nsnc23)cc1OCCCCCC,COc1ccccc1,0.8748860478148497
CCCCCCOc1ccc(C#Cc2ccc(C#CC#Cc3ccc(C#Cc4ccc(OCCCCCC)c(OCCCCCC)c4)c4nsnc34)c3nsnc23)cc1OCCCCCC,ClC(Cl)Cl,0.855589895969936
CCCCCCOc1ccc(C#Cc2ccc(C#CC#Cc3ccc(C#Cc4ccc(OCCCCCC)c(OCCCCCC)c4)c4nsnc34)c3nsnc23)cc1OCCCCCC,ClCCl,0.967477469091901
CCCCCCOc1ccc(C#Cc2ccc(C#CC#Cc3ccc(C#Cc4ccc(OCCCCCC)c(OCCCCCC)c4)c4nsnc34)c3nsnc23)cc1OCCCCCC,ClCCCl,0.9358014146394278
CCCCCCOc1ccc(C#Cc2ccc(C#CC#Cc3ccc(C#Cc4ccc(OCCCCCC)c(OCCCCCC)c4)c4nsnc34)c3nsnc23)cc1OCCCCCC,CN(C)C=O,0.7822014598873446
CC(C)(C)c1ccc2c(c1)c1cc(C(C)(C)C)ccc1n2-c1ccc(C#Cc2ccc3c4ccc(C#Cc5ccc(-n6c7ccc(C(C)(C)C)cc7c7cc(C(C)(C)C)ccc76)cc5)cc4n(-c4ccc(C(F)(F)F)cc4)c3c2)cc1,ClCCl,0.5253607508348594
CCCCCCOc1ccc(C#Cc2ccc(C#Cc3ccc(OCCCCCC)c(OCCCCCC)c3)c3nsnc23)cc1OCCCCCC,C1CCCCC1,0.9673994699873085
CCCCCCOc1ccc(C#Cc2ccc(C#Cc3ccc(OCCCCCC)c(OCCCCCC)c3)c3nsnc23)cc1OCCCCCC,Cc1ccccc1,1.0377278157734913
CCCCCCOc1ccc(C#Cc2ccc(C#Cc3ccc(OCCCCCC)c(OCCCCCC)c3)c3nsnc23)cc1OCCCCCC,COc1ccccc1,0.9931212009609593
CCCCCCOc1ccc(C#Cc2ccc(C#Cc3ccc(OCCCCCC)c(OCCCCCC)c3)c3nsnc23)cc1OCCCCCC,ClC(Cl)Cl,0.9071814690025746
CCCCCCOc1ccc(C#Cc2ccc(C#Cc3ccc(OCCCCCC)c(OCCCCCC)c3)c3nsnc23)cc1OCCCCCC,CCOC(C)=O,0.9560058370493887
CCCCCCOc1ccc(C#Cc2ccc(C#Cc3ccc(OCCCCCC)c(OCCCCCC)c3)c3nsnc23)cc1OCCCCCC,ClCCl,1.0881959666030383
CCCCCCOc1ccc(C#Cc2ccc(C#Cc3ccc(OCCCCCC)c(OCCCCCC)c3)c3nsnc23)cc1OCCCCCC,ClCCCl,1.1079036139671727
CCCCCCOc1ccc(C#Cc2ccc(C#Cc3ccc(OCCCCCC)c(OCCCCCC)c3)c3nsnc23)cc1OCCCCCC,CN(C)C=O,0.8998305558196962
Cc1ccc(/C2=c3\cc/c(o3)=C(\c3ccc(C)cc3)c3ccc([nH]3)-c3ccc4n3[P-](=O)(=O)[N+]3=C(C=CC3=C4c3ccc[nH]3)c3ccc2[nH]3)cc1,ClC(Cl)Cl,0.5894664876950795
CCN(CC)c1ccc2cc(-c3ccc(-c4c5ccccc5c(-c5ccc(-c6cc7ccc(N(CC)CC)cc7oc6=O)cc5)c5ccccc45)cc3)c(=O)oc2c1,ClC(Cl)Cl,0.6386837330985695
c1ccc2c(c1)-c1ccccc1C21c2ccccc2-c2ccc(-c3ccncc3)cc21,C1CCCCC1,0.4758530611476972
CCCCCCCCN1C(=O)c2ccc3c4c(-c5ccc6c(c5)c5ccccc5n6-c5ccccc5)cc5c6c(ccc(c7c(-c8ccc9c(c8)c8ccccc8n9-c8ccccc8)cc(c2c37)C1=O)c64)C(=O)N(CCCCCCCC)C5=O,ClC(Cl)Cl,0.5512860871522676
c1ccn(-c2ccc(-c3cc(-c4ccc(-n5cccc5)cc4)cc(-c4ccc(-n5cccc5)cc4)c3)cc2)c1,ClCCl,0.5731278176988217
C[n+]1ccn(CCCCc2ccc3c(c2)c2ccccc2n3-c2cc(C#N)c(C#N)cc2F)c1,CC#N,0.7872374643019866
CCCCCCCCCCc1csc(/C=N/c2sc(/N=C/c3cc(CCCCCCCCCC)cs3)c(C(=O)OCC)c2C(=O)OCC)c1,CC#N,0.7620571388778595
CCOC(=O)c1c(/N=C/c2cccs2)sc(/N=C/c2cccs2)c1C(=O)OCC,CC#N,1.1159810905156784
CN(C)c1ccc(-c2cc(-c3ccc4ccccc4c3)nc(-c3ccccc3)n2)cc1,CS(C)=O,0.6343704812036571
CN(C)c1ccc(-c2cc(-c3ccc4ccccc4c3)nc(-c3ccccc3)n2)cc1,ClC(Cl)Cl,0.47914835268183575
CN(C)c1ccc(-c2cc(-c3ccc4ccccc4c3)nc(-c3ccccc3)n2)cc1,C1CCCCC1,0.6196386420565271
N#Cc1ccc(/C=C/c2ccc3ccc4cccc5ccc2c3c45)cc1,CC1CCCCC1,0.2503472173433904
N#Cc1ccc(/C=C/c2ccc3ccc4cccc5ccc2c3c45)cc1,Cc1ccccc1,0.24593382172692785
N#Cc1ccc(/C=C/c2ccc3ccc4cccc5ccc2c3c45)cc1,C1CCOC1,0.2597033559268793
N#Cc1ccc(/C=C/c2ccc3ccc4cccc5ccc2c3c45)cc1,ClC(Cl)Cl,-0.05869240171717366
N#Cc1ccc(/C=C/c2ccc3ccc4cccc5ccc2c3c45)cc1,CC#N,0.0888487630839665
N#Cc1ccc(/C=C/c2ccc3ccc4cccc5ccc2c3c45)cc1,CO,-0.08493688215893874
Cn1cc(/C=C/C(=O)c2ccccc2)c2ccccc21,O,-0.6123043371238934
Cn1cc(/C=C/C(=O)c2ccccc2)c2ccccc21,CO,-0.6030792840555119
Cn1cc(/C=C/C(=O)c2ccccc2)c2ccccc21,CCO,-0.3553949285683721
Cn1cc(/C=C/C(=O)c2ccccc2)c2ccccc21,CCCO,-0.337849187353597
Cn1cc(/C=C/C(=O)c2ccccc2)c2ccccc21,CC(C)O,-0.15015687433672048
Cn1cc(/C=C/C(=O)c2ccccc2)c2ccccc21,CCCCO,-0.3124944351520635
Cn1cc(/C=C/C(=O)c2ccccc2)c2ccccc21,CCCCCCO,-0.2790121535006816
Cn1cc(/C=C/C(=O)c2ccccc2)c2ccccc21,CCCCCCCCO,-0.25596355080964955
Cn1cc(/C=C/C(=O)c2ccccc2)c2ccccc21,OC1CCCCC1,0.00949417283678089
Cn1cc(/C=C/C(=O)c2ccccc2)c2ccccc21,CC(C)=O,-0.37128156777909466
Cn1cc(/C=C/C(=O)c2ccccc2)c2ccccc21,CCCC(C)=O,-0.38078062256346296
Cn1cc(/C=C/C(=O)c2ccccc2)c2ccccc21,CCC(=O)CC,-0.41220368235096755
Cn1cc(/C=C/C(=O)c2ccccc2)c2ccccc21,CC#N,-0.4082646706907536
Cn1cc(/C=C/C(=O)c2ccccc2)c2ccccc21,CCCC#N,-0.4192985294408403
Cn1cc(/C=C/C(=O)c2ccccc2)c2ccccc21,ClC(Cl)Cl,-0.23749888382885948
Cn1cc(/C=C/C(=O)c2ccccc2)c2ccccc21,ClCCl,-0.2817355621978311
Cn1cc(/C=C/C(=O)c2ccccc2)c2ccccc21,NC=O,-0.20712143673417743
Cn1cc(/C=C/C(=O)c2ccccc2)c2ccccc21,CN(C)C=O,-0.17655765633858772
Cn1cc(/C=C/C(=O)c2ccccc2)c2ccccc21,CS(C)=O,-0.5987856551730577
COc1nc(Cl)nc(Nc2ccc3c4cccc5cccc(c6cccc2c63)c54)n1,CS(C)=O,0.754737660433779
COc1nc(Nc2ccc3c4cccc5cccc(c6cccc2c63)c54)nc(OC)n1,CS(C)=O,0.953983320646496
COc1nc(Cl)nc(Nc2ccc3c4cccc5cccc(c6cccc2c63)c54)n1,CCOC(C)=O,0.5577013997483997
COc1nc(Nc2ccc3c4cccc5cccc(c6cccc2c63)c54)nc(OC)n1,CCOC(C)=O,0.7315996071410291
Cc1ccc(-c2c3nc(c(-c4ccc(C)cc4)c4ccc(s4)c(-c4ccco4)c4nc(c(-c5ccc(C)cc5)c5ccc2[nH]5)C=C4)C=C3)cc1,ClCCl,0.38002335934951403
CCCCCCCCOC(=O)c1ccc(-c2cc3ccc4cc(-c5ccc(C(=O)OCCCCCCCC)cc5)cc5ccc(c2)c3c45)cc1,Cc1ccccc1,0.7118595012287512
